1,10.4812,16.3988,2,16,9,394.5,1
1,-3.04861,-14,2,25,11,628,-1
1,11.1835,15.9349,1.875,16,12,783.5,1
1,-4.7927,-14.125,2,25,18,1055.5,-1
1,12.1956,15.108,1.875,16,20,1326.5,1
1,11.5514,15.7719,1.9375,16,18,1611,1
1,10.6786,16.5574,1.9375,16,18,1703.5,1
1,12.8954,14.4782,2.125,16,15,2119,1
1,11.5642,15.6763,1.875,16,20,2404.5,1
1,-1.75989,-13.875,2,25,17,2574,-1
1,12.8756,14.2438,1.9375,16,13,2935,1
1,11.2417,16.0506,2.0625,16,14,2973.5,1
1,-3.92302,-13.875,2,25,17,3034.5,-1
1,10.3453,16.6051,1.875,16,16,3309.5,1
2,-1.12305,-14,2,25,4,293.5,-1
2,10.8438,16.1565,2.0625,16,6,407,1
2,10.5929,16.4664,2.0625,16,4,443.5,1
2,-2.07516,-14,2,25,12,758.5,-1
2,11.3625,15.7738,2.125,16,11,798.5,1
2,-3.46632,-13.875,2,25,13,859,-1
2,-1.30433,-14.125,2,25,10,1013.5,-1
2,12.5819,14.5081,2,16,9,1135.5,1
2,-1.11303,-14.0625,2,25,8,1468.5,-1
2,-1.1632,-13.875,2,25,9,1790.5,-1
2,-1.63921,-14,2,25,0,2321,-1
2,-2.45278,-14,2,25,3,2811.5,-1
2,-2.92839,-14.0625,2,25,1,2850.5,-1
2,10.3103,16.7207,2.0625,16,4,2999,1
2,-4.48766,-14,2,25,4,3056,-1
2,-0.349305,-13.9375,2,25,2,3095.5,-1
2,10.6364,16.3432,2,16,2,3432,1
2,-4.93691,-14.0625,2,25,1,3547.5,-1
3,11.5852,15.5733,1.875,16,12,120.5,1
3,-1.48482,-13.9375,2,25,7,794,-1
3,11.816,15.4497,2.125,16,15,1182,1
3,-2.89483,-13.9375,2,25,19,1325.5,-1
3,-2.74495,-14.125,2,25,14,1366.5,-1
3,11.2485,15.9604,2.0625,16,8,2834.5,1
4,12.8902,14.3147,2.0625,16,6,193,1
4,13.4049,13.9356,1.9375,16,3,329,1
4,-2.2366,-14.0625,2,25,1,488,-1
4,13.0951,14.2144,1.9375,16,3,526,1
4,10.6909,16.3782,2.0625,16,4,1149,1
4,-4.72095,-13.875,2,25,13,1621.5,-1
4,-3.38475,-14.0625,2,25,5,1892,-1
4,11.5443,15.5261,1.9375,16,7,2066,1
5,-4.24647,-14.0625,2,25,5,71,-1
5,-0.964663,-13.875,2,25,9,111.5,-1
5,11.1726,15.8606,1.9375,16,7,386,1
5,10.3216,16.7106,2.0625,16,4,618,1
5,-2.59094,-14,2,25,12,785.5,-1
5,-1.52013,-14.0625,2,25,8,827,-1
5,13.0077,14.209,2.0625,16,6,1449,1
5,11.9824,15.2999,2.0625,16,8,1521.5,1
5,10.3791,16.5747,2,16,2,2283.5,1
5,10.8626,16.2237,1.875,16,12,2663,1
5,10.9616,16.1345,2.125,16,11,2754,1
5,11.54,15.7822,2.0625,16,14,2792.5,1
5,10.9928,15.9383,1.9375,16,13,2873,1
5,12.8575,14.2601,2.0625,16,17,2912.5,1
5,-2.86562,-14.0625,2,25,15,3403,-1
5,11.776,15.3175,1.9375,16,7,3589.5,1
6,-1.45141,-14.0625,2,25,8,154.5,-1
6,13.3964,14.1114,2,16,10,504,1
6,11.2205,15.9015,2.125,16,11,634,1
6,10.2822,16.6619,2,16,2,2380.5,1
6,13.5685,13.8725,2,16,1,2750,1
6,12.2561,15.0536,1.9375,16,5,2829,1
6,-2.25576,-13.9375,2,25,2,2911.5,-1
6,13.1968,14.1229,2.0625,16,4,3057.5,1
6,13.3279,14.089,2.0625,16,8,3127.5,1
6,11.3477,15.703,1.9375,16,7,3270.5,1
7,12.9993,14.2165,1.9375,16,7,514.5,1
7,12.9949,14.3887,2,16,1,811.5,1
7,12.9352,14.2742,1.9375,16,7,1313.5,1
7,-2.50091,-14.125,2,25,18,2196,-1
7,10.7175,16.1861,2.0625,16,17,2388.5,1
8,12.3621,15.0423,2.0625,16,14,114,1
8,12.1206,15.2597,1.9375,16,18,359,1
8,12.4048,14.9197,1.875,16,20,398,1
8,-0.819034,-14,2,25,11,767.5,-1
8,-2.85908,-13.875,2,25,9,845.5,-1
8,11.2109,15.9102,2.0625,16,4,883.5,1
8,-0.656275,-14.0625,2,25,5,1071.5,-1
8,10.3378,16.696,2.0625,16,4,1109,1
8,-4.57353,-14,2,25,3,1555,-1
8,-3.95075,-13.9375,2,25,6,1594,-1
8,13.5162,13.9195,1.9375,16,5,2025.5,1
8,13.0399,14.2641,2.0625,16,4,2454.5,1
8,-0.571355,-14.0625,2,25,5,2532,-1
8,11.1277,15.901,2.0625,16,6,3319.5,1
9,12.0588,14.9789,2,16,9,407,1
9,11.153,15.9623,2.0625,16,4,880,1
9,-4.40892,-13.9375,2,25,2,927.5,-1
9,11.8954,15.2941,2.0625,16,4,1324,1
9,10.7089,16.362,2.0625,16,4,1360.5,1
9,-1.25051,-14,2,25,4,1485,-1
9,11.7905,15.3886,1.9375,16,3,1921.5,1
9,-1.41727,-13.9375,2,25,2,2090,-1
9,10.1172,16.8945,2.125,16,11,2168.5,1
9,10.0495,16.7873,1.9375,16,13,2249,1
9,10.2061,16.7304,1.875,16,16,2749,1
10,-4.19446,-13.875,2,25,13,119,-1
10,-2.70297,-14.0625,2,25,20,245.5,-1
10,13.2217,13.9323,2.0625,16,17,1055.5,1
10,13.2023,14.1179,2.125,16,11,1206,1
10,10.9639,16.2166,2,16,1,1402.5,1
10,11.6245,15.4538,2,16,2,1470.5,1
10,11.8283,15.4386,2.125,16,15,1845,1
10,-0.463191,-14,2,25,3,2072,-1
11,11.8821,15.4742,2.0625,16,14,83,1
11,12.2153,15.0903,1.875,16,20,466,1
11,13.1905,14.2967,2.0625,16,14,671.5,1
11,12.8836,14.3207,1.875,16,16,819.5,1
11,-1.45006,-14.125,2,25,18,898,-1
11,13.1888,14.1301,1.875,16,12,1215,1
11,-1.65927,-14,2,25,11,1672,-1
11,10.9225,16.2539,1.875,16,20,2566.5,1
11,11.5765,15.5812,1.9375,16,3,3145,1
12,11.9768,15.3891,2.0625,16,14,437.5,1
12,-3.78391,-14.125,2,25,10,814.5,-1
12,-2.6845,-13.875,2,25,9,1229,-1
12,-5.00036,-14,2,25,12,1922.5,-1
12,12.1714,15.2139,2.0625,16,14,2004.5,1
12,-1.17869,-13.875,2,25,17,2125.5,-1
12,12.2775,14.7821,2.0625,16,17,2518.5,1
12,-2.38066,-14.125,2,25,18,2579.5,-1
12,-4.20572,-13.9375,2,25,16,2688,-1
12,-2.81482,-13.875,2,25,17,2729,-1
12,12.686,14.4985,2.125,16,19,2850.5,1
12,12.6221,14.556,2.125,16,19,3114.5,1
13,13.2779,14.1339,1.9375,16,5,191.5,1
13,13.1913,14.0437,1.9375,16,7,267,1
13,10.367,16.5016,2.0625,16,17,1401.5,1
13,-4.11803,-14.125,2,25,10,1498,-1
13,11.7303,15.6109,2.0625,16,14,1538,1
13,12.6046,14.5718,2.125,16,19,1631.5,1
13,12.8225,14.2916,2.0625,16,17,1870,1
13,11.7806,15.3134,2.125,16,19,2253.5,1
13,11.16,16.1242,1.9375,16,18,2369.5,1
14,11.4942,15.8234,2,16,10,466,1
14,11.6588,15.6753,1.9375,16,18,669.5,1
14,-4.6235,-13.9375,2,25,19,730,-1
15,-4.63185,-13.9375,2,25,6,452.5,-1
15,-4.92497,-14.0625,2,25,1,898.5,-1
15,13.1372,14.2606,2,16,1,936.5,1
15,10.2377,16.8701,1.9375,16,5,1020.5,1
15,11.7353,15.5223,1.9375,16,5,1278.5,1
15,11.9103,15.1966,2.0625,16,6,1438.5,1
15,10.8326,16.2507,1.9375,16,3,1570,1
15,-2.19446,-14.0625,2,25,8,1648,-1
15,10.4272,16.6996,2,16,1,2090,1
15,-2.65818,-13.9375,2,25,7,2731.5,-1
15,-4.17129,-13.9375,2,25,6,3112.5,-1
15,11.5679,15.5889,1.875,16,12,3151.5,1
15,-3.77427,-13.9375,2,25,16,3235,-1
15,12.325,14.7393,2.0625,16,17,3408,1
15,12.3348,14.9828,2.125,16,15,3556.5,1
16,10.5352,16.6024,2.0625,16,8,77,1
16,-0.741564,-13.9375,2,25,6,303,-1
16,-2.23091,-13.875,2,25,9,509,-1
16,12.3845,14.7699,2.125,16,19,745,1
16,-0.81402,-13.875,2,25,13,1123,-1
16,-3.796,-14.125,2,25,14,1370,-1
16,11.2114,15.8256,2.125,16,19,1830,1
16,-3.94809,-13.9375,2,25,16,1955.5,-1
16,12.9924,14.4751,1.9375,16,18,2037.5,1
16,-4.07813,-13.9375,2,25,19,2444.5,-1
16,-2.85996,-14,2,25,11,3056,-1
17,11.142,16.1403,2.0625,16,14,281.5,1
17,11.3649,15.6034,1.9375,16,13,1190.5,1
17,-4.67731,-14,2,25,3,1506,-1
17,13.4985,13.8514,2.0625,16,4,1741,1
17,12.3661,14.8705,1.9375,16,3,1969,1
17,12.4867,14.846,1.9375,16,5,2242.5,1
17,-4.92122,-13.9375,2,25,6,2319.5,-1
17,10.1217,16.8064,1.875,16,16,2690.5,1
17,-3.28546,-13.875,2,25,17,2833.5,-1
17,12.8837,14.4887,2.125,16,15,2911,1
17,-2.58286,-14,2,25,11,3314.5,-1
17,12.3801,14.942,2.125,16,15,3388.5,1
18,-4.95679,-14.125,2,25,18,239,-1
18,10.5457,16.5929,2.0625,16,8,536,1
18,-1.3782,-14.0625,2,25,8,651,-1
18,-0.840503,-14,2,25,12,769,-1
18,10.7433,16.1628,2.0625,16,17,809,1
18,-2.71265,-14.0625,2,25,5,1281,-1
18,12.4655,14.8651,1.9375,16,5,1319,1
18,10.5487,16.5902,2,16,1,1355.5,1
18,-4.94622,-13.9375,2,25,2,1470.5,-1
18,9.9877,16.927,2.0625,16,6,1678,1
18,-0.52815,-14.0625,2,25,1,1823,-1
18,-0.86386,-13.875,2,25,17,2325.5,-1
18,10.384,16.4863,1.9375,16,13,2365,1
18,11.7427,15.3475,1.9375,16,7,2912,1
18,11.031,16.1562,2.125,16,15,3578.5,1
19,13.3576,13.9782,2.125,16,11,455,1
19,-2.16265,-14,2,25,11,495,-1
19,11.9687,15.1441,1.9375,16,7,568,1
19,10.0567,16.8649,1.875,16,16,1224,1
19,11.8509,15.4183,1.875,16,20,1440.5,1
19,-1.62369,-14.125,2,25,14,1491,-1
19,11.731,15.6103,2.0625,16,14,1531,1
19,11.8767,15.311,2.125,16,11,2271,1
19,11.6644,15.4179,2,16,2,2500.5,1
19,-1.80524,-14.125,2,25,14,2793.5,-1
19,-4.54005,-14,2,25,11,3292,-1
20,13.2651,14.1455,1.9375,16,5,190,1
20,11.3607,15.6913,2.0625,16,6,226.5,1
20,12.0592,15.0627,2,16,2,690.5,1
20,10.2954,16.7341,1.9375,16,3,853.5,1
20,13.0575,14.3324,2,16,1,928,1
20,-0.45405,-13.9375,2,25,2,1003,-1
20,-0.685938,-14.0625,2,25,1,1158.5,-1
20,-1.9874,-14.0625,2,25,1,1230,-1
20,-2.95373,-14,2,25,0,1382,-1
20,12.5852,14.5892,2.0625,16,6,1499,1
20,11.002,16.1823,2,16,1,1781.5,1
20,12.8374,14.2781,2.0625,16,17,3350.5,1
21,12.2521,14.889,1.9375,16,7,240.5,1
21,10.5023,16.548,2,16,0,506.5,1
21,12.2782,15.0337,1.9375,16,5,729,1
21,11.0588,16.2152,2,16,10,956,1
21,10.4687,16.6622,2,16,1,1909.5,1
21,13.2557,14.1539,2.0625,16,8,2141.5,1
21,12.5612,14.6109,1.9375,16,7,2459.5,1
21,-1.86313,-14.125,2,25,14,3378.5,-1
22,12.94,14.1859,2,16,9,150.5,1
22,-2.25199,-14,2,25,11,190,-1
22,-0.862264,-14,2,25,11,231.5,-1
22,12.3896,14.6812,1.9375,16,13,598,1
22,-0.94638,-14.125,2,25,14,791.5,-1
22,12.3551,14.8804,1.875,16,12,899.5,1
22,-2.19299,-13.9375,2,25,16,1183,-1
22,-4.2289,-14.0625,2,25,15,1528,-1
22,11.2974,15.6642,2.0625,16,17,1568.5,1
22,11.8855,15.1349,2.0625,16,17,2041.5,1
22,-4.61268,-13.9375,2,25,7,2348.5,-1
22,-1.09839,-14.0625,2,25,5,2467,-1
22,-2.54616,-14,2,25,0,3076.5,-1
22,13.4216,14.0046,2,16,1,3115,1
22,12.7218,14.5503,2,16,0,3193.5,1
23,-4.30941,-13.875,2,25,9,107,-1
23,-2.64681,-13.875,2,25,17,327,-1
23,10.8805,16.2075,2.125,16,11,511.5,1
23,12.7154,14.7243,2,16,10,1115,1
23,10.5921,16.383,1.875,16,16,1450,1
23,13.1515,14.0795,1.9375,16,7,1721.5,1
23,-4.48007,-13.9375,2,25,7,2615,-1
23,10.828,16.3389,1.9375,16,5,3285,1
24,-4.38589,-14.0625,2,25,5,39.5,-1
24,11.9221,15.3542,1.9375,16,5,183,1
24,13.2147,14.0227,2,16,2,288,1
24,12.9237,14.4527,1.9375,16,5,440,1
24,12.2974,15.0164,2,16,1,496.5,1
24,12.1064,15.1883,1.9375,16,5,621,1
24,11.9433,15.167,2.0625,16,6,657.5,1
24,-1.62584,-14,2,25,12,910.5,-1
24,10.4423,16.5179,2.0625,16,6,985,1
24,11.3247,15.8918,1.9375,16,5,1478.5,1
24,10.8493,16.2356,2.0625,16,4,1601.5,1
24,13.3053,14.1094,2.0625,16,8,1763,1
24,11.1216,16.0747,2,16,1,2209.5,1
24,10.6703,16.3967,2.0625,16,4,2346.5,1
24,11.6653,15.4171,1.9375,16,7,3527,1
25,-3.96073,-13.9375,2,25,19,121,-1
25,-1.3354,-14,2,25,11,479,-1
25,-3.95551,-13.875,2,25,13,520,-1
25,10.9223,16.0859,2,16,2,1839.5,1
25,10.4646,16.5819,1.9375,16,3,1981.5,1
25,12.4695,14.6093,2,16,9,2491,1
26,-4.31364,-13.875,2,25,17,123.5,-1
26,11.2843,15.9282,2.125,16,15,545,1
26,12.9335,14.528,2,16,10,688,1
26,12.6394,14.5405,1.9375,16,7,726,1
26,11.4862,15.5783,2.0625,16,6,978,1
26,12.9444,14.35,2,16,0,1302,1
26,13.5029,13.9315,2,16,1,1582,1
26,10.9796,15.9502,2.0625,16,17,2258,1
26,12.7434,14.4469,1.875,16,16,2486.5,1
26,-3.65647,-13.875,2,25,9,2756,-1
26,10.135,16.7944,2,16,2,2858,1
26,13.4562,13.9735,1.9375,16,5,3242,1
26,-3.86373,-13.9375,2,25,7,3279.5,-1
27,12.2259,14.8285,2,16,9,87.5,1
27,13.4562,13.9735,1.9375,16,5,238.5,1
27,10.7583,16.2334,1.9375,16,7,354,1
27,-1.15671,-14,2,25,11,477,-1
27,-4.72826,-14,2,25,11,707.5,-1
27,12.9773,14.3205,1.9375,16,3,781,1
27,12.8121,14.385,2,16,2,906.5,1
27,10.7084,16.4465,2.0625,16,8,1237.5,1
27,12.7924,14.4028,2,16,2,1308,1
27,11.0008,16.1834,2,16,1,1971.5,1
27,-2.55417,-13.875,2,25,17,2611.5,-1
27,-4.40792,-14.125,2,25,18,2721.5,-1
27,10.356,16.5955,1.9375,16,7,3504.5,1
28,12.4426,14.8858,2.0625,16,8,81,1
28,12.0486,15.0722,1.9375,16,7,137.5,1
28,-4.446,-14,2,25,4,211,-1
28,10.3231,16.7092,1.9375,16,3,249,1
28,-1.61144,-14.0625,2,25,5,564,-1
28,12.4901,14.6749,1.9375,16,7,1427,1
28,11.366,15.6865,1.9375,16,7,1638.5,1
28,-1.68107,-13.875,2,25,9,1687,-1
28,-1.12211,-14,2,25,11,1972,-1
28,10.7433,16.2469,1.875,16,16,2045,1
28,-3.70505,-14.125,2,25,14,2770.5,-1
28,12.8472,14.5216,2,16,1,3019.5,1
28,10.6626,16.5718,2.0625,16,14,3326,1
29,-3.01252,-14,2,25,12,617,-1
29,11.1469,16.0519,1.875,16,20,782.5,1
29,10.3669,16.7539,2.125,16,15,884,1
29,-4.38336,-14.0625,2,25,20,995,-1
29,-0.739357,-14.0625,2,25,8,1840,-1
29,10.464,16.7505,2,16,10,2261.5,1
29,-1.18867,-14,2,25,3,2448,-1
29,-4.58262,-13.9375,2,25,2,2517.5,-1
29,11.0372,16.1506,1.875,16,20,3067.5,1
30,-4.49414,-13.9375,2,25,16,41.5,-1
30,12.521,14.7311,1.875,16,12,548.5,1
30,-4.09207,-13.875,2,25,9,827,-1
30,-1.11257,-13.875,2,25,9,1514.5,-1
30,-0.887152,-13.9375,2,25,7,1862.5,-1
30,-0.504158,-14,2,25,11,2165.5,-1
30,10.4769,16.4867,1.875,16,16,2482.5,1
30,-0.576116,-14.125,2,25,14,2533.5,-1
30,10.7964,16.1151,2,16,9,2573.5,1
30,11.0677,16.0391,1.9375,16,3,2735,1
30,-1.54945,-14.125,2,25,10,2918.5,-1
30,10.2555,16.77,2.125,16,11,2958,1
30,13.0465,14.09,2,16,9,3185.5,1
31,10.2582,16.6835,1.875,16,16,112.5,1
31,11.4064,15.566,2.0625,16,17,621.5,1
31,-1.45262,-14.125,2,25,14,661.5,-1
31,11.5281,15.5406,1.875,16,16,845,1
31,10.7987,16.2812,1.9375,16,3,1964,1
32,-2.66277,-14,2,25,0,224,-1
32,12.6962,14.4053,2.0625,16,17,398.5,1
32,-3.0053,-14.0625,2,25,20,1494.5,-1
32,12.6021,14.4899,1.9375,16,13,1848.5,1
32,12.1758,15.1258,1.875,16,20,2360,1
32,-1.021,-13.9375,2,25,6,2854,-1
33,13.227,14.0116,1.9375,16,7,143,1
33,-1.39908,-14.125,2,25,18,1173,-1
33,12.8848,14.2355,1.9375,16,13,1290.5,1
33,12.3778,14.7759,1.875,16,16,1385,1
33,-2.90986,-14,2,25,12,2654,-1
33,11.286,15.9267,2.0625,16,8,2725,1
33,11.4035,15.8209,1.9375,16,5,2984,1
33,12.3512,14.8839,1.9375,16,3,3021,1
34,-2.09745,-14.0625,2,25,1,580.5,-1
34,-4.05647,-13.9375,2,25,19,844.5,-1
34,12.3299,14.9871,2.125,16,15,1067.5,1
34,11.1755,15.9421,2.125,16,11,1213.5,1
34,10.3824,16.4877,1.9375,16,13,1399,1
34,-4.08861,-14.125,2,25,18,1560,-1
34,-2.66025,-13.875,2,25,9,1719.5,-1
34,11.3582,15.6935,1.9375,16,7,1788.5,1
34,-3.48559,-14.0625,2,25,8,2201,-1
34,10.1563,16.9434,2.125,16,15,2492,1
34,12.7905,14.5726,1.9375,16,5,3390.5,1
34,-2.58296,-14.0625,2,25,8,3448,-1
34,12.2995,14.9304,1.875,16,12,3528,1
35,11.713,15.3742,1.875,16,16,116.5,1
35,10.713,16.5265,1.9375,16,18,196.5,1
35,11.3269,15.974,2.0625,16,14,629.5,1
35,-1.88881,-13.9375,2,25,7,1632,-1
35,12.4432,14.8852,2.0625,16,8,1997.5,1
35,12.7159,14.7239,2.0625,16,14,2220,1
35,-3.06898,-14,2,25,11,2317.5,-1
35,-4.33373,-14.0625,2,25,5,3278.5,-1
35,-3.43401,-14,2,25,3,3317.5,-1
36,13.074,14.2334,1.9375,16,3,177.5,1
36,-4.2538,-14.0625,2,25,8,922,-1
36,-1.84334,-14.0625,2,25,8,996.5,-1
36,-4.01171,-13.9375,2,25,6,1572,-1
36,11.6448,15.5197,1.9375,16,3,1711.5,1
36,13.2827,14.0455,2.0625,16,4,1748.5,1
36,-0.472981,-13.9375,2,25,2,2201,-1
36,12.8548,14.2625,2.0625,16,17,2348.5,1
36,12.9876,14.143,2.0625,16,17,2790,1
37,-3.72715,-14,2,25,12,119,-1
37,10.1831,16.9193,2,16,1,458.5,1
37,10.5129,16.4543,2.0625,16,6,495,1
37,-2.18972,-14,2,25,3,733,-1
37,10.6334,16.4299,2.125,16,11,830,1
37,-4.29724,-14,2,25,4,1543.5,-1
37,-4.50727,-13.875,2,25,9,1621.5,-1
37,-1.02565,-14.125,2,25,10,2227,-1
37,-2.48278,-13.9375,2,25,19,2436.5,-1
37,11.5381,15.5316,1.875,16,16,2518,1
37,10.8087,16.2722,1.875,16,12,2728,1
37,11.5774,15.7485,1.9375,16,18,2767,1
37,-3.52707,-13.875,2,25,17,2918.5,-1
37,12.4354,14.724,1.875,16,16,2959.5,1
37,-2.34968,-14.0625,2,25,15,3262,-1
37,11.2243,15.814,1.875,16,16,3302,1
38,10.2588,16.683,2.125,16,19,720.5,1
38,11.266,15.9447,2.125,16,15,780,1
38,-4.73101,-14.125,2,25,14,1047,-1
38,12.531,14.8062,1.875,16,20,1197.5,1
38,11.0459,15.9746,2,16,2,2388,1
38,-2.84676,-14.0625,2,25,1,2514.5,-1
38,12.2129,15.0084,2,16,0,2624.5,1
38,12.0547,15.1508,1.9375,16,3,2900,1
39,-3.85275,-13.9375,2,25,19,322.5,-1
39,11.6577,15.424,1.9375,16,7,868,1
39,-3.58541,-13.875,2,25,13,1145.5,-1
39,12.4622,14.7,1.875,16,16,2063,1
39,12.7103,14.7289,2,16,10,2226.5,1
39,10.7083,16.1943,1.9375,16,13,3170.5,1
40,-4.49562,-14,2,25,11,42,-1
40,11.6226,15.7079,2.0625,16,14,801.5,1
40,12.7062,14.3963,2,16,9,1618.5,1
40,-3.78373,-14.125,2,25,10,1698,-1
40,10.0667,17.0241,1.875,16,20,2394.5,1
40,11.1611,15.7869,2,16,9,2531.5,1
40,-0.399309,-14.0625,2,25,8,2968.5,-1
41,10.5067,16.3758,2,16,9,212,1
41,-4.63904,-14.125,2,25,10,386.5,-1
41,-0.836814,-14,2,25,4,427,-1
41,-3.81642,-13.875,2,25,17,823.5,-1
41,13.1117,14.3676,2.0625,16,14,1439.5,1
41,13.1051,14.2895,2.125,16,15,1639,1
41,-1.61653,-13.875,2,25,9,1925.5,-1
41,12.5214,14.8148,2.0625,16,8,2289,1
41,10.442,16.6022,1.875,16,12,2326.5,1
41,-2.41261,-13.875,2,25,13,2454.5,-1
41,-3.4814,-13.9375,2,25,19,2844.5,-1
41,-3.89228,-14.0625,2,25,20,2885.5,-1
41,12.8679,14.5871,1.9375,16,18,3259.5,1
42,-2.05801,-14,2,25,3,144.5,-1
42,-1.71547,-13.9375,2,25,6,215,-1
42,12.9939,14.3896,1.875,16,20,783,1
42,13.2131,14.2764,2,16,10,1043.5,1
42,-0.269444,-13.9375,2,25,6,1091.5,-1
42,10.1066,16.8199,1.9375,16,7,1160.5,1
42,12.2972,14.9325,2.0625,16,4,1217.5,1
42,10.1343,16.9632,2,16,1,1367,1
42,12.8751,14.3283,2,16,2,1414,1
42,9.96387,16.9484,2.0625,16,6,1631,1
42,-3.35354,-14.0625,2,25,15,2468,-1
42,12.3909,14.68,2,16,9,2650.5,1
42,11.9195,15.1884,1.875,16,16,2886.5,1
42,-4.22127,-13.9375,2,25,16,2959,-1
42,11.4669,15.5116,1.9375,16,13,3130,1
42,12.9135,14.3779,2.125,16,11,3168.5,1
42,-3.40172,-14.125,2,25,18,3497.5,-1
42,10.8324,16.0827,2.0625,16,17,3578,1
43,11.2039,16.0847,2,16,10,207.5,1
43,-3.79375,-14,2,25,3,708.5,-1
43,10.8665,16.3042,2,16,1,1121,1
43,-2.66813,-14,2,25,3,1564.5,-1
43,10.5273,16.6095,2,16,1,1783.5,1
43,12.967,14.2456,2,16,2,1988,1
43,-4.8369,-14,2,25,3,2025.5,-1
43,11.8605,15.3256,1.9375,16,3,2096.5,1
43,-0.755907,-14.0625,2,25,1,2342.5,-1
43,-1.13802,-14,2,25,0,2453,-1
44,12.2822,14.7778,2,16,9,348,1
44,-2.08833,-13.9375,2,25,6,429,-1
44,-0.80564,-14.125,2,25,10,844,-1
44,10.8608,16.2253,2.0625,16,4,1125,1
44,-1.33592,-14.0625,2,25,5,1428.5,-1
44,13.2407,14.0833,2.0625,16,4,1749,1
44,-1.57914,-14,2,25,4,1828.5,-1
44,-1.7126,-14,2,25,12,2094,-1
44,-3.64076,-14,2,25,12,2227.5,-1
44,11.8475,15.1691,2.0625,16,17,2381,1
44,10.9936,16.274,2.0625,16,14,2813,1
44,10.9345,15.9907,1.9375,16,13,3150,1
44,13.1459,14.3369,1.9375,16,18,3495,1
45,-0.63904,-14.0625,2,25,5,294.5,-1
45,11.5061,15.6445,2.0625,16,4,472,1
45,-0.65501,-13.875,2,25,9,830.5,-1
45,-3.78963,-13.9375,2,25,16,2179.5,-1
45,10.2168,16.6367,2.0625,16,17,2410.5,1
45,-3.7906,-13.9375,2,25,6,2796,-1
45,-4.66084,-14.125,2,25,10,3321,-1
45,13.2015,14.0345,2.0625,16,6,3401,1
46,12.1066,15.104,2.0625,16,4,78,1
46,-3.7435,-13.9375,2,25,2,245.5,-1
46,-4.77658,-13.9375,2,25,2,408.5,-1
46,-1.51341,-13.9375,2,25,2,448,-1
46,-1.22408,-14,2,25,0,655,-1
46,10.3607,16.7595,2,16,1,732,1
46,10.1936,16.7417,1.9375,16,7,1140.5,1
46,10.3317,16.7855,2,16,1,1692.5,1
46,-3.54574,-13.875,2,25,13,2032,-1
46,12.302,14.9282,1.875,16,12,2666,1
47,-4.44152,-13.9375,2,25,16,41.5,-1
47,13.1927,13.9584,2,16,9,1325.5,1
47,-4.18819,-13.9375,2,25,7,1565.5,-1
47,10.8041,16.2763,2.125,16,11,1842.5,1
47,-3.10692,-14.0625,2,25,5,2075.5,-1
47,-1.16081,-14,2,25,0,2544.5,-1
47,11.712,15.5433,1.875,16,20,3279,1
47,-4.08493,-14.125,2,25,14,3381.5,-1
47,-1.52354,-13.875,2,25,9,3423,-1
47,12.7382,14.6197,2.0625,16,8,3537,1
48,12.9245,14.368,2.0625,16,4,103.5,1
48,-1.54718,-14.0625,2,25,8,971.5,-1
48,-3.87592,-14.0625,2,25,1,1266,-1
48,-4.72869,-14,2,25,3,1304,-1
48,10.1043,16.9902,1.9375,16,5,1670,1
48,12.609,14.8201,2,16,10,2708.5,1
48,12.2898,15.0233,2.0625,16,8,3127,1
48,13.1694,14.2317,2.0625,16,8,3244,1
49,11.9741,15.3915,2.0625,16,14,181,1
49,11.7258,15.3627,2.125,16,19,369,1
49,-3.52915,-14.0625,2,25,20,932,-1
49,11.5721,15.6692,2.125,16,15,1046,1
49,-1.80452,-13.9375,2,25,6,1239.5,-1
49,12.6823,14.67,2.0625,16,8,1778,1
49,-0.363665,-14.0625,2,25,5,2692.5,-1
49,10.8272,16.1714,2.0625,16,6,2842.5,1
49,10.5482,16.5907,2.125,16,15,3524.5,1
50,10.6958,16.4578,2,16,1,247,1
50,-4.593,-14.125,2,25,10,1057.5,-1
50,-3.26531,-13.9375,2,25,19,1474,-1
50,-2.38389,-13.875,2,25,13,1857,-1
50,-1.29207,-14.125,2,25,10,1933,-1
50,10.4015,16.5545,1.875,16,16,2079,1
50,11.4291,15.5457,2,16,9,2397.5,1
50,13.1858,14.0487,1.875,16,16,2490.5,1
50,-1.16524,-14,2,25,4,2731,-1
50,13.7868,13.5078,1.9375,16,7,3431,1
51,-2.89273,-13.9375,2,25,2,630,-1
51,-0.835793,-14,2,25,12,1234,-1
51,-0.815882,-14,2,25,3,1933.5,-1
51,13.0272,14.3596,1.9375,16,5,2041.5,1
52,11.9763,15.2213,1.9375,16,3,108.5,1
52,-1.56096,-14,2,25,4,481,-1
52,13.2443,14.0801,1.9375,16,3,519,1
52,13.3946,13.8608,2,16,2,748.5,1
52,-3.75509,-14,2,25,12,1329.5,-1
52,10.3771,16.4924,2.0625,16,17,1412,1
52,-2.61354,-14,2,25,3,1530.5,-1
52,13.2642,14.2304,2,16,10,1723.5,1
52,-2.65636,-14,2,25,4,2200,-1
52,12.4819,14.5981,2.0625,16,17,3313.5,1
53,12.162,14.886,1.9375,16,13,583,1
53,-3.09246,-13.9375,2,25,19,798.5,-1
53,-2.94406,-14.0625,2,25,20,1006.5,-1
53,12.348,15.055,1.9375,16,18,1173.5,1
53,-0.777369,-14,2,25,11,1439.5,-1
53,-2.39857,-13.9375,2,25,7,1650,-1
53,-1.16037,-14,2,25,4,1914.5,-1
53,10.2698,16.6731,1.9375,16,7,2205,1
53,10.9094,16.1816,1.9375,16,3,2318,1
53,11.241,15.8831,2.0625,16,4,2355,1
53,-3.48536,-13.9375,2,25,2,3463,-1
53,11.2217,15.9846,2.0625,16,8,3572,1
54,-3.79154,-14.125,2,25,18,668,-1
54,-3.17946,-14.125,2,25,14,978.5,-1
54,-2.30224,-14,2,25,11,1020,-1
54,-2.96816,-13.875,2,25,17,1526.5,-1
54,-4.61466,-14.0625,2,25,20,1733,-1
54,-4.303,-13.875,2,25,17,1809.5,-1
54,-4.93415,-14.125,2,25,18,2057.5,-1
54,12.9268,14.45,1.9375,16,5,2454,1
54,-4.38474,-14.0625,2,25,5,2649,-1
54,-4.73117,-14,2,25,3,3124.5,-1
55,11.8158,15.2817,2,16,2,147,1
55,13.5228,13.8295,2,16,0,286,1
55,12.1506,15.0644,1.9375,16,3,859.5,1
55,11.7213,15.535,2,16,1,948.5,1
55,-4.10359,-13.875,2,25,9,1527.5,-1
55,12.0436,15.2448,2,16,1,2479.5,1
55,12.5742,14.7673,2,16,1,2759.5,1
56,11.4583,15.5194,2,16,9,508.5,1
56,11.5596,15.5122,1.9375,16,7,545.5,1
56,-2.66416,-14.125,2,25,10,631.5,-1
56,-3.83944,-14,2,25,11,672.5,-1
56,10.3456,16.773,2.0625,16,8,712.5,1
56,11.9374,15.1723,2.0625,16,6,749.5,1
56,-1.52022,-13.875,2,25,17,1068.5,-1
56,11.678,15.3216,1.9375,16,13,1771.5,1
56,-3.50776,-13.875,2,25,13,1849.5,-1
56,-2.79592,-13.875,2,25,13,2014,-1
56,10.1415,16.7886,2,16,2,2190.5,1
56,-3.30598,-14,2,25,3,2493.5,-1
56,11.231,15.8921,2.125,16,11,2816,1
57,13.1786,14.0552,1.875,16,16,111,1
57,-3.8636,-14,2,25,12,395.5,-1
57,11.462,15.6001,2.0625,16,6,825.5,1
57,-0.372183,-13.9375,2,25,6,953.5,-1
57,10.4134,16.712,2.0625,16,8,1267,1
57,-3.86246,-14.125,2,25,14,1462.5,-1
57,12.2059,14.8465,2.0625,16,17,1918,1
57,-3.12228,-13.9375,2,25,19,2020.5,-1
57,11.6312,15.3637,1.9375,16,13,2253,1
57,11.7568,15.2507,1.9375,16,13,2343,1
57,10.435,16.6085,2.125,16,11,2414.5,1
57,11.1077,16.003,2.0625,16,4,2542,1
57,10.1678,16.933,2.125,16,15,3065,1
57,-3.92362,-14,2,25,12,3188.5,-1
57,-2.7122,-14,2,25,3,3329,-1
57,-4.40548,-14.0625,2,25,5,3407.5,-1
58,-2.50689,-13.875,2,25,13,42,-1
58,12.0414,15.0787,2.125,16,19,363.5,1
58,11.5895,15.7376,2,16,10,704.5,1
58,10.3501,16.6849,1.875,16,12,776.5,1
58,10.7071,16.2795,2.0625,16,6,883,1
58,12.4328,14.7264,2.0625,16,6,1781,1
58,-3.51217,-13.9375,2,25,2,1948,-1
58,12.6125,14.6487,2.0625,16,4,2083.5,1
58,12.8449,14.4396,2.125,16,11,2520,1
58,-2.28346,-13.9375,2,25,7,2740,-1
58,11.1924,15.8428,1.9375,16,7,2872,1
58,-2.30105,-14.0625,2,25,8,3517.5,-1
58,10.5786,16.4792,2.0625,16,4,3586.5,1
59,10.5594,16.4965,2.0625,16,4,78.5,1
59,-4.98079,-14.0625,2,25,5,770,-1
59,12.4262,14.9005,2.0625,16,8,1082,1
59,9.9805,16.8494,2,16,9,1130,1
59,-1.3888,-13.875,2,25,9,1180.5,-1
59,10.3199,16.8802,2,16,10,1380,1
59,10.6227,16.2714,2,16,9,1418.5,1
59,10.6101,16.2828,2,16,9,1659.5,1
59,13.1171,14.1946,1.9375,16,3,2029,1
59,12.5463,14.7083,2,16,0,2131.5,1
59,-4.79652,-14,2,25,12,2657,-1
59,-0.853777,-13.875,2,25,17,2817.5,-1
59,-4.02405,-13.9375,2,25,19,2858.5,-1
60,-1.47484,-13.875,2,25,9,111,-1
60,-0.347127,-14,2,25,3,293.5,-1
60,-4.96746,-14.0625,2,25,5,658.5,-1
60,-2.82047,-13.9375,2,25,6,1201,-1
60,12.2132,15.0081,2,16,0,1298.5,1
60,11.5581,15.5977,2.0625,16,4,1335,1
60,-3.92669,-14,2,25,4,1472,-1
60,-4.71443,-14,2,25,4,1648,-1
60,-2.89031,-13.9375,2,25,2,1797,-1
60,10.4271,16.5315,2.0625,16,6,2063.5,1
60,10.2569,16.6007,1.9375,16,13,2750.5,1
60,-1.86051,-13.875,2,25,17,2935,-1
61,13.3944,14.1132,2,16,10,381,1
61,-3.28752,-13.9375,2,25,19,523.5,-1
61,-3.18597,-13.875,2,25,13,564.5,-1
61,12.712,14.7274,2.0625,16,14,826.5,1
61,-2.22813,-13.875,2,25,9,1128,-1
61,10.5825,16.4758,2.125,16,11,1977.5,1
61,-1.79308,-13.9375,2,25,16,2209.5,-1
61,12.1624,15.0538,1.9375,16,3,2659.5,1
61,-3.23253,-14,2,25,4,2730.5,-1
61,-4.72299,-14,2,25,12,2953.5,-1
62,-3.16303,-14.0625,2,25,1,39.5,-1
62,-0.595374,-14,2,25,11,269,-1
62,-0.636065,-14,2,25,4,417.5,-1
62,-3.94779,-14.0625,2,25,15,1640,-1
62,-3.04726,-14.125,2,25,14,1834,-1
62,-2.86746,-14,2,25,0,2075.5,-1
62,10.2136,16.8078,1.875,16,12,2906.5,1
62,13.2721,14.1392,2.0625,16,8,3018,1
62,-4.67504,-14.125,2,25,10,3258,-1
62,12.8866,14.3179,2.0625,16,6,3333.5,1
62,-0.577297,-14.125,2,25,14,3382.5,-1
62,10.4476,16.7653,2,16,10,3505.5,1
62,11.0889,15.8518,2,16,9,3578.5,1
63,-2.1214,-13.9375,2,25,2,84.5,-1
63,11.3432,15.623,2.0625,16,17,617,1
63,-0.80306,-13.9375,2,25,16,781.5,-1
63,11.9333,15.4282,2.0625,16,14,1465.5,1
63,11.9295,15.0953,1.9375,16,13,1698.5,1
63,-3.53336,-13.9375,2,25,6,1988,-1
63,11.756,15.5037,2.125,16,15,2590,1
63,12.9732,14.24,1.875,16,16,2760.5,1
63,12.0993,15.1947,2.125,16,15,2888,1
63,10.3495,16.7695,2.0625,16,8,3303.5,1
64,10.8553,16.2302,2,16,0,1283.5,1
64,-4.33735,-14.0625,2,25,1,1360,-1
64,11.3723,15.6808,2,16,2,1498,1
64,11.0241,16.1624,2.0625,16,8,1908,1
64,11.3473,15.6192,2,16,9,1985,1
64,-4.03182,-13.875,2,25,9,2096,-1
64,-3.41919,-13.9375,2,25,16,2184.5,-1
64,-3.70125,-13.9375,2,25,19,2226,-1
64,-3.67173,-13.875,2,25,13,2820,-1
64,-3.78504,-13.9375,2,25,16,2983,-1
64,11.8061,15.3745,1.875,16,12,3216.5,1
64,12.8026,14.5617,2.0625,16,8,3439.5,1
64,-0.746233,-14.125,2,25,10,3517.5,-1
64,12.9988,14.1329,2,16,9,3556.5,1
65,12.5591,14.7809,2.125,16,15,131.5,1
65,11.9827,15.1315,2.125,16,19,417.5,1
65,12.0997,14.9421,2.0625,16,17,456.5,1
65,10.1376,17.0444,2,16,10,648,1
65,11.0025,16.1819,2.0625,16,8,697.5,1
65,10.826,16.3407,2,16,1,1683,1
65,-4.98355,-13.875,2,25,9,3275,-1
65,-3.70936,-13.875,2,25,9,3393,-1
65,12.9669,14.4139,1.9375,16,5,3541.5,1
66,12.4371,14.9748,1.9375,16,18,299.5,1
66,12.8389,14.6132,2.0625,16,14,835,1
66,11.5207,15.7155,2,16,1,1395.5,1
66,-2.74793,-14,2,25,3,1442.5,-1
66,-4.21903,-14,2,25,3,1752.5,-1
66,-0.593263,-13.875,2,25,9,2213,-1
66,10.1022,16.8239,2,16,2,2281.5,1
67,-5.07204,-14.0625,2,25,20,42,-1
67,11.3004,15.6615,2.0625,16,17,115.5,1
67,-3.0996,-13.875,2,25,13,274.5,-1
67,-2.62167,-14.125,2,25,10,1028.5,-1
67,13.4268,13.8318,2,16,2,1423.5,1
67,10.2146,16.8069,2.0625,16,4,1679.5,1
67,10.2503,16.6906,2.125,16,19,2146.5,1
67,13.2233,14.099,1.875,16,12,2315,1
67,10.4142,16.459,2,16,9,2843,1
67,10.083,16.8412,1.9375,16,7,3434.5,1
68,13.2787,14.0492,2.125,16,11,172.5,1
68,9.92478,16.8995,1.9375,16,13,246.5,1
68,-4.93542,-14,2,25,3,828.5,-1
68,-4.85704,-14,2,25,3,1191,-1
68,10.3619,16.6743,2.125,16,11,1558,1
68,12.0235,15.347,1.9375,16,18,2276.5,1
68,12.4248,14.7336,2.125,16,19,2315,1
69,-1.42528,-13.9375,2,25,2,76,-1
69,11.7481,15.5108,2,16,1,147,1
69,11.2589,15.7829,2,16,2,235.5,1
69,10.0469,17.0419,2,16,1,553,1
69,11.9403,15.1696,1.9375,16,7,820,1
69,-0.325026,-13.9375,2,25,7,1393,-1
69,12.5581,14.7818,1.9375,16,5,1915,1
69,12.7574,14.3501,1.9375,16,13,2575.5,1
69,-4.31956,-13.875,2,25,13,2741,-1
69,11.5993,15.6447,2.125,16,15,2781.5,1
69,11.1939,15.9255,1.875,16,12,2841,1
69,-2.41062,-14.0625,2,25,20,2913.5,-1
69,-3.67694,-14.0625,2,25,15,3108.5,-1
70,10.4185,16.7074,1.875,16,20,75.5,1
70,-1.39928,-14.125,2,25,18,179,-1
70,-0.67705,-13.9375,2,25,19,220.5,-1
70,-2.73234,-14.125,2,25,14,261.5,-1
70,10.6556,16.494,1.875,16,20,461.5,1
70,10.5798,16.31,2.0625,16,17,533.5,1
70,12.1336,15.1639,2.125,16,15,609.5,1
70,12.9177,14.4582,2.0625,16,8,659,1
70,-3.4891,-13.9375,2,25,2,744.5,-1
70,-4.01805,-14,2,25,3,991,-1
70,-3.13013,-13.9375,2,25,6,1183,-1
70,13.3037,14.0267,2.125,16,11,1293,1
70,-4.41944,-13.9375,2,25,2,1838.5,-1
70,-1.51128,-13.9375,2,25,2,1878,-1
70,10.5919,16.4673,2,16,0,2119,1
70,-4.12731,-14,2,25,12,2810.5,-1
70,11.3032,15.659,2.0625,16,17,3030,1
71,12.1953,15.1083,2.0625,16,8,415,1
71,10.4013,16.7229,2,16,1,642.5,1
71,11.1687,15.8641,2,16,2,965,1
71,11.0392,16.0647,1.9375,16,3,1130,1
71,-4.49517,-14,2,25,4,1576.5,-1
71,12.931,14.278,1.875,16,16,2336.5,1
71,12.4603,14.8698,2.125,16,15,2433.5,1
71,10.6088,16.2839,2.0625,16,17,3047.5,1
71,-3.44321,-14.125,2,25,18,3175.5,-1
72,-4.69659,-13.875,2,25,17,229.5,-1
72,12.8176,14.296,2,16,9,1680,1
72,10.1503,16.8647,2.125,16,11,1857.5,1
72,-3.48229,-14.125,2,25,10,1918,-1
72,10.7928,16.2024,1.875,16,16,2623,1
73,10.942,16.0681,2.125,16,19,41,1
73,10.8953,16.2783,2.0625,16,8,303.5,1
73,11.7931,15.2181,1.9375,16,13,675,1
73,10.296,16.6495,1.9375,16,7,745.5,1
73,13.2996,14.1985,1.9375,16,18,1025,1
73,10.0561,16.7813,2.0625,16,17,1063.5,1
73,10.6299,16.4331,2.0625,16,4,1716,1
73,12.6189,14.8111,1.9375,16,18,2227,1
73,-3.22599,-14,2,25,4,2992.5,-1
73,-2.21377,-14,2,25,4,3031.5,-1
73,11.7798,15.3141,2.125,16,19,3549.5,1
74,-4.28567,-13.9375,2,25,16,313.5,-1
74,-1.85176,-14,2,25,12,703.5,-1
74,12.8214,14.5449,2.0625,16,8,778.5,1
74,-3.99882,-13.9375,2,25,7,1013.5,-1
74,-3.97569,-13.9375,2,25,2,1158.5,-1
74,-4.13687,-14.0625,2,25,1,1274.5,-1
74,-1.21796,-14,2,25,11,1479.5,-1
74,12.9096,14.2972,2.125,16,19,1645.5,1
74,10.9748,16.0386,1.875,16,16,1737,1
74,11.959,15.2369,1.875,16,12,1817.5,1
74,12.2234,14.8308,2.0625,16,17,2112.5,1
74,-4.75137,-13.875,2,25,17,2198.5,-1
74,10.4076,16.8013,1.9375,16,18,2315.5,1
74,10.4928,16.7246,2.0625,16,14,2392,1
74,10.8813,16.375,2,16,10,2480,1
74,12.0367,15.1669,2.125,16,11,2937.5,1
75,12.0191,15.0146,2.0625,16,17,88.5,1
75,13.0026,14.2136,1.875,16,16,325,1
75,-3.63455,-14.0625,2,25,15,907,-1
75,-3.51269,-14.125,2,25,14,1105,-1
75,12.7055,14.6491,2.125,16,15,1181,1
75,-1.84097,-14.125,2,25,18,1406,-1
75,11.6551,15.6786,2,16,10,1625.5,1
75,11.9555,15.3241,1.9375,16,5,2271,1
75,10.303,16.8954,1.9375,16,18,3157.5,1
75,12.5859,14.5045,2.0625,16,17,3278.5,1
75,11.4677,15.7632,2.125,16,15,3405,1
76,10.3343,16.6991,2,16,0,310.5,1
76,12.8548,14.4307,1.9375,16,3,357.5,1
76,10.7988,16.197,1.9375,16,7,501.5,1
76,12.8317,14.4515,2.0625,16,4,538.5,1
76,10.2041,16.9004,2.0625,16,8,575,1
76,10.7983,16.2816,2,16,0,1489.5,1
76,10.1508,16.8643,1.9375,16,3,2667,1
77,10.8848,16.3719,2,16,10,391.5,1
77,-2.05284,-14.125,2,25,14,642.5,-1
77,-3.75591,-13.875,2,25,9,784,-1
77,10.322,16.542,1.9375,16,13,824,1
77,-3.30921,-14.125,2,25,18,1526,-1
77,12.3525,14.9668,2.125,16,15,1637,1
77,11.1031,16.1754,1.9375,16,18,1920.5,1
77,-0.975303,-14.0625,2,25,15,2563,-1
77,-3.64353,-14.125,2,25,10,3510,-1
78,10.459,16.7551,2.0625,16,14,153,1
78,-1.92988,-14.125,2,25,14,193,-1
78,-4.39682,-14.0625,2,25,15,653.5,-1
78,10.6734,16.3939,1.875,16,12,994.5,1
78,-2.20705,-13.875,2,25,17,1076,-1
78,-2.37815,-13.9375,2,25,19,1159.5,-1
78,11.8006,15.2954,2.125,16,19,1312.5,1
78,11.7433,15.431,2.125,16,11,1832,1
78,-3.67775,-14.125,2,25,10,1927.5,-1
78,12.6425,14.79,1.9375,16,18,2191,1
78,-3.22831,-13.875,2,25,17,2314.5,-1
78,-0.916946,-14,2,25,11,2471.5,-1
78,12.5653,14.6912,1.875,16,12,2511.5,1
78,-0.419344,-14.125,2,25,14,2806,-1
78,12.4284,14.9826,2.0625,16,14,2922,1
78,-0.680878,-13.9375,2,25,19,3348,-1
78,10.8612,16.1409,1.875,16,16,3520.5,1
79,-3.49164,-13.9375,2,25,7,290.5,-1
79,12.1897,14.8611,1.9375,16,13,437,1
79,13.32,14.1802,2.0625,16,14,725.5,1
79,10.1863,16.6642,1.9375,16,13,785,1
79,12.5202,14.8159,2.0625,16,8,1908.5,1
79,12.7014,14.6529,2,16,1,2266.5,1
79,13.2431,14.1653,1.9375,16,5,2618.5,1
79,-3.2312,-14.0625,2,25,1,2701.5,-1
79,11.9512,15.1598,2,16,2,3224.5,1
80,12.8804,14.3236,1.9375,16,7,38.5,1
80,13.0816,14.3107,2.0625,16,8,265.5,1
80,-2.18423,-13.9375,2,25,2,501,-1
80,-3.80201,-13.9375,2,25,6,540,-1
80,10.8142,16.2672,1.9375,16,3,863.5,1
80,12.8597,14.3422,2.0625,16,6,1049.5,1
80,-0.641157,-14.0625,2,25,1,1251.5,-1
80,13.2829,14.2136,2,16,10,1612,1
80,11.1886,15.8462,2.0625,16,6,1832.5,1
80,11.7551,15.5045,2.0625,16,8,1879.5,1
80,12.3128,14.9185,1.9375,16,3,2803.5,1
80,11.7653,15.4953,1.9375,16,5,2850.5,1
80,-3.61285,-13.875,2,25,9,2973,-1
81,-1.93942,-13.9375,2,25,6,760,-1
81,12.1023,15.0238,2.0625,16,6,798,1
81,-0.9625,-13.875,2,25,9,906.5,-1
81,11.017,16.0006,1.875,16,16,1237.5,1
81,-1.05912,-14,2,25,11,1465.5,-1
81,-1.15159,-14.125,2,25,10,1801,-1
81,11.0382,15.8974,1.9375,16,13,1839.5,1
81,11.7072,15.5476,2,16,1,2095.5,1
81,-2.92979,-14,2,25,3,2317,-1
81,10.7479,16.3269,2,16,0,3094,1
81,11.4162,15.6414,2.0625,16,6,3388.5,1
82,-4.62332,-13.875,2,25,9,469,-1
82,-1.5439,-13.9375,2,25,6,743,-1
82,-4.73845,-14,2,25,4,1612.5,-1
82,-4.81703,-13.9375,2,25,2,2845.5,-1
82,10.1319,16.7972,2,16,2,2883.5,1
82,11.6737,15.5777,2.0625,16,8,3189.5,1
82,10.5919,16.4673,1.9375,16,3,3350.5,1
83,-4.19126,-13.9375,2,25,19,126.5,-1
83,13.2929,13.9523,2,16,2,762.5,1
83,-0.667382,-14.0625,2,25,1,818,-1
83,10.9124,16.0948,2.0625,16,6,889,1
83,-1.82881,-13.9375,2,25,16,1342.5,-1
83,13.2224,13.9317,1.9375,16,13,1424,1
83,-3.08314,-14.0625,2,25,1,1992.5,-1
83,-4.69613,-14.0625,2,25,1,2565,-1
83,11.4238,15.6345,2.0625,16,6,2695,1
83,10.7825,16.2116,2.0625,16,6,2743,1
83,12.1305,15.0826,2.125,16,11,3020.5,1
83,12.5172,14.6504,2.0625,16,6,3272.5,1
83,10.1291,16.8838,2.0625,16,4,3329,1
83,11.3386,15.7112,2,16,2,3428.5,1
84,-1.38601,-14.125,2,25,18,384.5,-1
84,-2.99472,-13.9375,2,25,16,458.5,-1
84,9.92745,16.8971,2.0625,16,17,1392.5,1
84,-2.80828,-14.125,2,25,18,1578,-1
84,11.8139,15.1993,1.9375,16,13,1773,1
84,12.4657,14.6968,1.875,16,16,1949.5,1
84,11.6305,15.5326,1.875,16,12,2051.5,1
84,10.2789,16.7489,1.875,16,12,2710,1
84,-3.26981,-14.0625,2,25,8,2962.5,-1
84,-4.71995,-14,2,25,0,3064.5,-1
84,10.0045,16.8278,1.9375,16,13,3541,1
85,10.1963,16.8233,2.0625,16,4,438,1
85,11.9284,15.4326,2,16,10,1049,1
85,-2.31332,-14.0625,2,25,15,1158.5,-1
85,-1.98252,-14.125,2,25,14,1248,-1
85,-2.50029,-14,2,25,12,1289,-1
85,13.3962,14.0275,2.0625,16,8,1458,1
85,-2.89581,-13.875,2,25,9,1515.5,-1
85,12.6078,14.653,2.0625,16,4,1780.5,1
85,12.9975,14.3023,2,16,0,1868.5,1
85,13.1591,14.0727,2.0625,16,6,3347,1
85,-3.18998,-14.0625,2,25,8,3385,-1
85,-0.35011,-13.9375,2,25,7,3506.5,-1
85,10.5022,16.5481,1.875,16,12,3546,1
86,10.1745,16.7589,2.125,16,19,41,1
86,-4.63045,-14.125,2,25,18,238.5,-1
86,12.6379,14.4577,1.9375,16,13,910.5,1
86,12.3258,14.7386,1.9375,16,13,1954,1
86,-0.871236,-13.875,2,25,9,2131,-1
86,-1.45572,-14.125,2,25,10,2289.5,-1
86,10.7777,16.216,2,16,2,2579,1
86,11.9256,15.351,1.9375,16,5,2687.5,1
86,13.2323,14.0909,1.9375,16,3,3081,1
87,-2.85177,-14,2,25,4,38.5,-1
87,10.9297,16.2474,2.0625,16,8,304,1
87,-4.31384,-14,2,25,4,401,-1
87,12.928,14.4489,2.125,16,15,585,1
87,-3.526,-13.875,2,25,17,866.5,-1
87,12.7645,14.6801,1.9375,16,18,1405,1
87,-2.274,-13.875,2,25,9,1886,-1
87,12.3614,15.0429,2,16,10,2432.5,1
87,10.2902,16.7388,1.9375,16,3,2594,1
87,13.1413,14.0046,2,16,9,2808.5,1
88,-4.91936,-14,2,25,12,110.5,-1
88,12.2301,15.1611,2,16,10,421.5,1
88,-0.659051,-13.9375,2,25,2,497.5,-1
88,-1.92013,-14.0625,2,25,1,633.5,-1
88,11.4184,15.7234,1.9375,16,3,796.5,1
88,-4.20232,-14,2,25,4,1122,-1
88,-3.24307,-14,2,25,4,1364.5,-1
88,-4.216,-14.125,2,25,18,3419,-1
89,11.7743,15.4872,2.125,16,15,114,1
89,12.68,14.4198,2.0625,16,17,840.5,1
89,-3.68461,-13.875,2,25,13,1067.5,-1
89,-0.644893,-14.125,2,25,10,1216,-1
89,10.0252,16.9773,2.0625,16,4,1326,1
89,-0.571183,-13.9375,2,25,2,1475.5,-1
89,-4.91303,-14,2,25,4,1622,-1
89,12.2686,15.0423,2,16,1,1692,1
89,-1.62105,-14,2,25,4,1979,-1
89,-2.93632,-14,2,25,3,2018,-1
89,-2.45119,-13.9375,2,25,6,2237,-1
89,12.0338,15.3377,1.9375,16,18,2667.5,1
89,-4.66813,-14.125,2,25,14,2952.5,-1
89,10.8627,16.3076,1.875,16,20,2992.5,1
89,11.3982,15.9098,2.0625,16,14,3094,1
90,12.7681,14.5928,2.125,16,15,337.5,1
90,-3.39518,-13.9375,2,25,6,516,-1
90,-3.74555,-13.9375,2,25,2,924,-1
90,12.0987,15.0271,2.0625,16,6,1106,1
90,12.8575,14.5123,2.125,16,15,2036,1
90,11.8809,15.3072,1.875,16,12,2133.5,1
90,-0.646354,-13.9375,2,25,16,2701,-1
90,-4.46328,-14.125,2,25,14,3006.5,-1
90,11.6214,15.7089,1.9375,16,18,3047,1
90,10.0329,16.8863,1.9375,16,7,3565,1
91,11.0385,15.8972,1.9375,16,13,306,1
91,12.36,14.876,1.875,16,12,898,1
91,11.6318,15.6154,1.9375,16,5,970.5,1
91,10.4224,16.7039,2,16,1,1129.5,1
91,12.1617,14.9704,1.9375,16,7,1394,1
91,12.9137,14.4617,2.0625,16,8,1577,1
91,11.1539,15.9615,1.875,16,12,1614,1
91,-1.48807,-14.125,2,25,10,1695.5,-1
91,11.8022,15.2098,1.9375,16,13,1775,1
91,11.3381,15.7957,2.125,16,11,2361,1
91,-2.1869,-13.9375,2,25,6,2645,-1
91,12.5238,14.6445,1.9375,16,7,2800,1
91,-4.98387,-13.875,2,25,13,3069,-1
92,12.1216,14.9224,2,16,9,157,1
92,13.2786,14.2174,2,16,10,1147,1
92,-1.57703,-13.9375,2,25,16,1320,-1
92,10.52,16.532,1.9375,16,3,1979,1
92,10.3922,16.647,1.9375,16,3,2372,1
92,-0.789047,-13.875,2,25,9,2481,-1
92,13.445,13.8155,2.0625,16,6,2552,1
92,11.6374,15.4422,2,16,2,2794,1
92,12.5339,14.7195,1.9375,16,3,3183,1
92,-0.00430068,-14,2,25,0,3337.5,-1
92,11.3524,15.7829,1.9375,16,3,3475.5,1
92,-1.9118,-14.0625,2,25,5,3513.5,-1
93,12.2012,14.8508,1.9375,16,13,386,1
93,13.4156,13.8419,2.0625,16,6,666,1
93,-3.33401,-13.9375,2,25,6,1028.5,-1
93,11.5599,15.5961,1.9375,16,3,1105,1
93,10.0461,16.9585,2.0625,16,4,1224.5,1
93,11.2162,15.9054,2.125,16,11,1770.5,1
93,-4.52927,-14.0625,2,25,8,1848.5,-1
93,12.0886,14.9521,2,16,9,1956,1
93,-2.89601,-14.125,2,25,14,2959,-1
93,11.024,16.1625,2.125,16,15,2999,1
94,10.449,16.764,2,16,10,913,1
94,12.9221,14.5383,2,16,10,987.5,1
94,11.4119,15.8134,1.9375,16,5,1580.5,1
94,-3.55194,-14.0625,2,25,1,1618,-1
94,-1.9569,-14,2,25,3,1997,-1
94,11.0981,16.0117,2.0625,16,4,2176,1
94,-0.702329,-14.0625,2,25,5,2301.5,-1
94,12.9973,14.2183,2.0625,16,6,2443.5,1
94,12.4261,14.8165,1.875,16,12,3042.5,1
94,11.0503,16.0548,2.125,16,11,3417,1
95,13.0421,14.178,2,16,2,242,1
95,-2.92007,-13.9375,2,25,2,579.5,-1
95,-2.86896,-13.875,2,25,9,781,-1
95,10.0645,16.942,2.125,16,11,820.5,1
95,12.4287,14.8142,1.875,16,12,1224,1
95,-2.99619,-14,2,25,11,1344.5,-1
95,11.6127,15.4645,2.0625,16,6,1384,1
95,10.9766,16.121,2.0625,16,4,2042,1
95,11.856,15.4137,1.9375,16,5,2289,1
95,13.0866,14.3061,1.9375,16,5,2399,1
95,10.464,16.6665,2.0625,16,8,2627,1
95,-2.00804,-14,2,25,3,2696.5,-1
95,10.7453,16.3292,2.0625,16,4,3059.5,1
96,-0.225486,-14,2,25,0,181,-1
96,-4.27193,-14,2,25,11,356,-1
96,-1.41854,-14,2,25,12,1135.5,-1
96,-0.723986,-13.875,2,25,13,1325,-1
96,-2.42019,-13.9375,2,25,16,1366,-1
96,-4.88925,-13.875,2,25,17,1449,-1
96,9.94564,16.8808,1.9375,16,13,1684,1
96,-3.07308,-14.0625,2,25,8,1790,-1
96,13.4417,13.8184,2.0625,16,6,1947.5,1
96,10.7511,16.4081,1.9375,16,5,2054.5,1
96,-0.432695,-14.0625,2,25,5,2245.5,-1
96,-4.45797,-13.9375,2,25,6,2284,-1
96,11.8435,15.3408,1.9375,16,3,2322.5,1
96,11.2463,15.9624,1.9375,16,5,2729.5,1
96,-4.19031,-13.875,2,25,9,2788,-1
96,-1.24103,-13.9375,2,25,7,2859,-1
96,12.2686,14.9583,1.875,16,12,2966.5,1
96,-3.78923,-14.0625,2,25,8,3122,-1
97,-1.20297,-14.125,2,25,14,125.5,-1
97,-4.79888,-14,2,25,12,1167,-1
97,-4.82642,-14.125,2,25,14,1277,-1
97,-3.48458,-13.875,2,25,13,1398.5,-1
97,12.1574,15.2265,1.9375,16,18,2027,1
97,10.6458,16.587,1.9375,16,18,2470.5,1
97,12.3767,15.0292,1.9375,16,18,2509.5,1
97,-2.38623,-14.0625,2,25,5,2816.5,-1
97,12.4842,14.5961,2,16,9,3309,1
98,-1.07804,-14.0625,2,25,8,445,-1
98,11.4895,15.4913,2,16,9,876,1
98,11.2439,15.7964,1.875,16,16,2531,1
98,11.383,15.6712,1.875,16,16,2590.5,1
99,10.6856,16.383,1.9375,16,3,428.5,1
99,-1.00088,-13.9375,2,25,6,585.5,-1
99,12.3209,14.9952,2,16,1,810.5,1
99,-1.13557,-14,2,25,4,1247,-1
99,12.4237,14.8186,2,16,0,1358,1
99,10.4473,16.4293,1.9375,16,13,1892.5,1
99,-0.501859,-14,2,25,11,2051,-1
99,12.6988,14.487,1.875,16,16,2167.5,1
99,-3.111,-14.0625,2,25,20,2448.5,-1
99,-3.11133,-13.875,2,25,17,2900.5,-1
100,-3.3184,-13.9375,2,25,7,452.5,-1
100,-2.38363,-14.125,2,25,14,949.5,-1
100,-1.61593,-14.0625,2,25,20,1064.5,-1
100,11.4476,15.529,1.9375,16,13,1294.5,1
100,13.2539,14.0715,2.0625,16,4,1469,1
100,13.0412,14.1788,2.0625,16,6,1621.5,1
100,11.3331,15.8002,2.0625,16,4,2426,1
100,11.8296,15.4374,2.125,16,15,2541.5,1
100,-1.77947,-13.9375,2,25,2,3146,-1
100,10.7294,16.2594,2,16,2,3442,1
100,13.2136,14.2759,2,16,10,3489.5,1
