1,-3.04861,-14,2,25,11,628,-1
1,20.125,-42.7637,-2.0625,64,13,795,1
1,-4.7927,-14.125,2,25,18,1055.5,-1
1,20.0625,-42.4805,-1.875,64,19,1338,1
1,20.0625,-42.6389,-1.875,64,19,1622.5,1
1,19.9375,-41.3917,-2.125,64,20,1715.5,1
1,19.875,-41.8991,-1.9375,64,14,2130.5,1
1,-1.75989,-13.875,2,25,17,2574,-1
1,19.9375,-42.7764,-1.875,64,15,2985,1
1,-3.92302,-13.875,2,25,17,3034.5,-1
1,-3.11202,-14,2,25,12,3756.5,-1
1,20.0625,-41.6152,-2,64,2,4764.5,1
1,-1.69222,-14.125,2,25,10,5102,-1
1,19.9375,-42.2412,-1.875,64,15,6475,1
1,-1.92138,-13.9375,2,25,7,7244,-1
1,-0.845866,-14.0625,2,25,20,7917,-1
1,19.875,-41.9189,-2,64,10,9970,1
1,20.125,-41.4163,-2.0625,64,13,10816.5,1
1,-4.60036,-13.875,2,25,9,11252,-1
1,-2.32885,-14,2,25,12,11836.5,-1
1,-2.00508,-14.125,2,25,18,11916,-1
1,-4.08988,-13.9375,2,25,16,12572,-1
2,-1.12305,-14,2,25,4,293.5,-1
2,-2.07516,-14,2,25,12,758.5,-1
2,20,-42.6746,-1.875,64,11,810,1
2,-3.46632,-13.875,2,25,13,859,-1
2,-1.30433,-14.125,2,25,10,1013.5,-1
2,-1.11303,-14.0625,2,25,8,1468.5,-1
2,-1.1632,-13.875,2,25,9,1790.5,-1
2,-1.63921,-14,2,25,0,2321,-1
2,-2.45278,-14,2,25,3,2811.5,-1
2,-2.92839,-14.0625,2,25,1,2850.5,-1
2,20,-42.8284,-1.9375,64,4,3010,1
2,-4.48766,-14,2,25,4,3056,-1
2,-0.349305,-13.9375,2,25,2,3095.5,-1
2,-4.93691,-14.0625,2,25,1,3547.5,-1
2,-4.23544,-13.9375,2,25,6,3626.5,-1
2,-4.02978,-13.9375,2,25,19,4219,-1
2,-3.95407,-13.9375,2,25,6,5630.5,-1
2,-2.33265,-14.0625,2,25,1,6239.5,-1
2,-4.10725,-13.9375,2,25,16,6783,-1
2,-2.42852,-14.0625,2,25,15,6934.5,-1
2,-0.528824,-14,2,25,3,7823.5,-1
2,-0.282397,-14.0625,2,25,1,8571.5,-1
2,-1.99285,-14.0625,2,25,5,8687,-1
2,19.875,-41.3739,-2.0625,64,18,9697,1
2,20,-41.9244,-1.9375,64,4,12277,1
2,20,-41.4593,-2,64,0,12620,1
2,-1.74747,-14.0625,2,25,1,13249.5,-1
2,-1.04089,-14.125,2,25,10,13402.5,-1
2,19.9375,-42.1071,-2,64,1,13808.5,1
3,-1.48482,-13.9375,2,25,7,794,-1
3,19.875,-42.4863,-1.9375,64,14,1193.5,1
3,-2.89483,-13.9375,2,25,19,1325.5,-1
3,-2.74495,-14.125,2,25,14,1366.5,-1
3,20.0625,-42.3821,-2.0625,64,7,2845.5,1
3,-3.76928,-14,2,25,4,3972,-1
3,-2.52604,-14,2,25,4,4571,-1
3,-3.8699,-13.9375,2,25,2,4643,-1
3,-3.20109,-13.9375,2,25,16,5484.5,-1
3,-1.78228,-13.875,2,25,17,6323.5,-1
3,-3.77329,-14.125,2,25,18,6398,-1
3,-1.56859,-13.9375,2,25,2,9153,-1
3,-4.376,-13.875,2,25,13,9405.5,-1
3,-2.3431,-14.0625,2,25,5,9993,-1
3,-3.96196,-14,2,25,3,10066,-1
3,-2.33956,-13.9375,2,25,2,10136.5,-1
3,20.0625,-42.652,-2.0625,64,7,11223.5,1
3,20,-41.5903,-2.0625,64,3,11351.5,1
3,-3.20903,-13.9375,2,25,6,11779,-1
3,-2.27971,-14.125,2,25,10,12682,-1
3,19.875,-42.9757,-1.9375,64,14,12775,1
3,19.875,-42.3346,-2.0625,64,18,12920,1
4,20,-41.5233,-1.9375,64,4,204,1
4,-2.2366,-14.0625,2,25,1,488,-1
4,-4.72095,-13.875,2,25,13,1621.5,-1
4,-3.38475,-14.0625,2,25,5,1892,-1
4,20.0625,-42.1933,-2.0625,64,7,2077,1
4,-1.18677,-14.125,2,25,18,3734.5,-1
4,-2.07328,-13.9375,2,25,16,3776,-1
4,-1.03605,-14.125,2,25,14,3817.5,-1
4,-1.66285,-13.9375,2,25,16,5544.5,-1
4,-4.20383,-14.125,2,25,14,8610,-1
4,20.125,-42.866,-2.0625,64,13,8703,1
4,-3.90488,-13.9375,2,25,7,8828,-1
4,-4.13315,-13.9375,2,25,19,9158.5,-1
4,-1.34407,-13.875,2,25,17,9542,-1
4,20,-41.9481,-2.125,64,12,10199,1
4,-3.41971,-14,2,25,11,11267.5,-1
4,-2.81947,-13.875,2,25,13,11388.5,-1
4,-1.7917,-14.0625,2,25,15,12160,-1
4,-4.96406,-13.875,2,25,9,13292.5,-1
5,-4.24647,-14.0625,2,25,5,71,-1
5,-0.964663,-13.875,2,25,9,111.5,-1
5,-2.59094,-14,2,25,12,785.5,-1
5,-1.52013,-14.0625,2,25,8,827,-1
5,-2.86562,-14.0625,2,25,15,3403,-1
5,19.9375,-42.8762,-1.9375,64,8,4201,1
5,-4.098,-14.125,2,25,10,4498.5,-1
5,20.0625,-42.4029,-1.9375,64,6,4634,1
5,-4.81829,-14.0625,2,25,5,5595.5,-1
5,19.9375,-42.1953,-1.875,64,15,6139,1
5,-1.07477,-13.875,2,25,13,6500.5,-1
5,20.125,-42.075,-2.0625,64,13,6585,1
5,-4.47589,-14.0625,2,25,5,7000,-1
5,-4.11367,-13.9375,2,25,7,7039,-1
5,19.9375,-42.7344,-1.875,64,15,7726,1
5,-2.61073,-13.875,2,25,9,8189.5,-1
5,19.875,-41.923,-2,64,10,8362.5,1
5,-4.25817,-13.9375,2,25,7,8410,-1
5,-3.11794,-13.9375,2,25,6,8449,-1
5,-1.26577,-13.9375,2,25,2,9131,-1
5,20,-41.4931,-2.125,64,12,10395,1
5,-2.98474,-14.0625,2,25,15,10708,-1
5,-1.69883,-14,2,25,11,10862,-1
5,-5.00118,-13.875,2,25,13,13926,-1
5,-0.481684,-13.9375,2,25,7,14228.5,-1
5,-3.27075,-14,2,25,4,14324,-1
5,-3.98352,-14,2,25,3,14363,-1
6,-1.45141,-14.0625,2,25,8,154.5,-1
6,19.9375,-41.3338,-1.9375,64,8,515.5,1
6,-2.25576,-13.9375,2,25,2,2911.5,-1
6,-0.596816,-14,2,25,3,3562.5,-1
6,-1.91713,-13.9375,2,25,16,4094,-1
6,-0.251106,-14.0625,2,25,8,4641,-1
6,-4.63941,-13.875,2,25,13,5180.5,-1
6,-3.58188,-13.9375,2,25,16,5618.5,-1
6,20.0625,-42.4487,-1.875,64,19,5670.5,1
6,19.9375,-41.3908,-2.125,64,20,5976,1
6,-0.680695,-13.9375,2,25,19,6149,-1
6,-1.11077,-14,2,25,12,6225,-1
6,-3.55518,-14.0625,2,25,20,6348.5,-1
6,-3.42384,-13.875,2,25,17,6493,-1
6,20.0625,-42.5426,-1.875,64,19,6545,1
6,-3.60923,-14,2,25,0,7548,-1
6,-0.856047,-14.125,2,25,10,7729,-1
6,-1.31039,-13.875,2,25,9,7923,-1
6,19.9375,-42.2442,-2,64,1,8369,1
6,19.875,-42.2005,-2,64,10,11174,1
6,-4.06702,-14,2,25,3,11937.5,-1
6,-4.37033,-14,2,25,3,12209,-1
6,-2.27558,-14,2,25,4,12313,-1
6,20.125,-42.5129,-2.0625,64,13,12548,1
6,19.9375,-42.3942,-1.875,64,15,12688,1
7,19.9375,-41.5009,-2.0625,64,5,1324.5,1
7,-2.50091,-14.125,2,25,18,2196,-1
7,-3.08119,-13.9375,2,25,6,4542,-1
7,-1.5113,-14.125,2,25,14,4946.5,-1
7,-4.38047,-13.875,2,25,13,5347.5,-1
7,-4.53888,-13.9375,2,25,6,7873,-1
7,-3.75291,-13.9375,2,25,2,8533,-1
7,-2.60459,-14,2,25,0,9355.5,-1
7,-3.95546,-14,2,25,12,11073,-1
7,20,-41.5032,-2.0625,64,3,12094,1
7,-2.96035,-14,2,25,12,12730,-1
8,20.125,-42.2187,-1.9375,64,17,125.5,1
8,-0.819034,-14,2,25,11,767.5,-1
8,-2.85908,-13.875,2,25,9,845.5,-1
8,-0.656275,-14.0625,2,25,5,1071.5,-1
8,19.9375,-42.8147,-2.0625,64,5,1120,1
8,-4.57353,-14,2,25,3,1555,-1
8,-3.95075,-13.9375,2,25,6,1594,-1
8,20.0625,-41.2533,-2.0625,64,7,2036.5,1
8,-0.571355,-14.0625,2,25,5,2532,-1
8,20.0625,-42.4007,-2.0625,64,7,3330.5,1
8,-1.17386,-14.0625,2,25,8,3689,-1
8,-0.807871,-13.9375,2,25,6,4617,-1
8,20.0625,-41.7512,-2.0625,64,7,5309.5,1
8,-1.29958,-14,2,25,3,5972,-1
8,-3.81015,-14,2,25,12,8030.5,-1
8,19.9375,-42.0424,-2.125,64,20,8121.5,1
8,-1.35515,-13.9375,2,25,16,8516.5,-1
8,19.875,-42.3659,-1.9375,64,14,8568,1
8,-4.29966,-13.875,2,25,17,8785.5,-1
8,-0.994704,-14.0625,2,25,15,9084,-1
8,-2.32429,-13.9375,2,25,7,11544.5,-1
8,-1.71718,-14,2,25,3,12955.5,-1
8,-4.30163,-14.0625,2,25,8,13700,-1
9,-4.40892,-13.9375,2,25,2,927.5,-1
9,-1.25051,-14,2,25,4,1485,-1
9,-1.41727,-13.9375,2,25,2,2090,-1
9,-1.59812,-14.125,2,25,18,2837.5,-1
9,20.0625,-42.9173,-2.125,64,16,3633,1
9,-2.37818,-14.125,2,25,18,4308,-1
9,-0.58752,-13.9375,2,25,6,5667,-1
9,20,-41.4578,-1.875,64,11,6303,1
9,-0.430407,-14,2,25,0,6657.5,-1
9,-1.47574,-14.0625,2,25,8,7866.5,-1
9,20,-42.9811,-2.125,64,12,8373.5,1
9,-4.63506,-13.875,2,25,9,9680.5,-1
9,19.875,-42.7005,-2.0625,64,18,9882,1
9,20.125,-41.6623,-1.9375,64,17,9941.5,1
9,20.125,-42.9567,-1.9375,64,17,10683.5,1
9,19.875,-42.9126,-2,64,10,10973,1
9,20.0625,-42.717,-2.0625,64,7,11239,1
9,-4.77875,-14.0625,2,25,5,12064.5,-1
9,-3.475,-13.9375,2,25,2,12760,-1
9,-2.7958,-13.9375,2,25,7,12929,-1
9,-4.51235,-14.0625,2,25,15,13829.5,-1
9,20,-41.8489,-1.9375,64,4,14186.5,1
10,-4.19446,-13.875,2,25,13,119,-1
10,-2.70297,-14.0625,2,25,20,245.5,-1
10,19.875,-41.7075,-2.0625,64,18,1067,1
10,-0.463191,-14,2,25,3,2072,-1
10,-3.38225,-14.125,2,25,10,3019,-1
10,-0.703818,-14,2,25,3,3694.5,-1
10,-4.47282,-14.0625,2,25,5,3844.5,-1
10,19.9375,-42.5546,-2,64,1,5355,1
10,19.9375,-41.3005,-2,64,1,5676,1
10,-4.29408,-13.875,2,25,13,7398.5,-1
10,-3.71436,-14,2,25,4,8495.5,-1
10,-1.26449,-14,2,25,3,9314,-1
10,-2.81672,-14,2,25,11,11033.5,-1
10,-4.30114,-13.875,2,25,17,11375,-1
10,-3.89358,-13.9375,2,25,6,11983,-1
10,-0.699522,-14,2,25,0,12240,-1
10,-2.74171,-14,2,25,3,12356.5,-1
10,-4.82747,-14,2,25,11,13123.5,-1
10,-3.70527,-14.0625,2,25,8,13818.5,-1
10,-1.18155,-14,2,25,11,13893,-1
10,-4.10263,-13.875,2,25,9,14014.5,-1
11,-1.45006,-14.125,2,25,18,898,-1
11,19.9375,-41.7489,-1.875,64,15,1226.5,1
11,-1.65927,-14,2,25,11,1672,-1
11,19.9375,-42.9145,-2.125,64,20,2578,1
11,-2.32896,-14.0625,2,25,5,4433.5,-1
11,-3.16358,-13.875,2,25,17,5577.5,-1
11,-4.2877,-14.0625,2,25,20,5967,-1
11,-2.83426,-13.9375,2,25,19,6083.5,-1
11,-2.6618,-14.125,2,25,14,6455,-1
11,-0.869974,-13.9375,2,25,19,6834,-1
11,-4.91735,-14.125,2,25,18,7002,-1
11,20.125,-42.0311,-2.0625,64,13,7787.5,1
11,20.0625,-42.3441,-1.9375,64,6,8086,1
11,-0.78998,-13.9375,2,25,6,8784.5,-1
11,-4.07244,-14.0625,2,25,5,9751,-1
11,-1.81824,-14.0625,2,25,20,10772,-1
11,-2.66609,-14.0625,2,25,15,11942,-1
11,-1.65396,-13.875,2,25,17,12334.5,-1
11,-4.75881,-14.125,2,25,14,13050,-1
12,-3.78391,-14.125,2,25,10,814.5,-1
12,-2.6845,-13.875,2,25,9,1229,-1
12,-5.00036,-14,2,25,12,1922.5,-1
12,-1.17869,-13.875,2,25,17,2125.5,-1
12,19.875,-42.2608,-2.0625,64,18,2530,1
12,-2.38066,-14.125,2,25,18,2579.5,-1
12,-4.20572,-13.9375,2,25,16,2688,-1
12,-2.81482,-13.875,2,25,17,2729,-1
12,20.0625,-42.0434,-2.125,64,16,3126,1
12,-0.400203,-13.9375,2,25,2,4100.5,-1
12,20,-42.0015,-2.0625,64,3,4189,1
12,20,-42.7473,-1.875,64,11,4291.5,1
12,-3.33073,-14,2,25,3,4556,-1
12,-3.78669,-13.9375,2,25,6,5473,-1
12,19.9375,-41.8955,-2.0625,64,5,5848.5,1
12,-2.6258,-13.9375,2,25,6,6503,-1
12,20.0625,-41.5322,-1.875,64,19,8344.5,1
12,-1.29795,-13.9375,2,25,16,8807.5,-1
12,-1.12151,-14,2,25,12,9348,-1
12,-4.25774,-14.125,2,25,10,10349,-1
12,-2.00603,-14,2,25,4,11732,-1
12,-0.263802,-14,2,25,0,11770.5,-1
12,-4.71207,-14,2,25,4,12014,-1
13,20.0625,-41.4968,-2.125,64,16,1413.5,1
13,-4.11803,-14.125,2,25,10,1498,-1
13,20.125,-42.5332,-2.0625,64,13,1549.5,1
13,20.0625,-42.8171,-1.875,64,19,2381,1
13,-3.26301,-14,2,25,4,3823.5,-1
13,-2.14684,-13.9375,2,25,6,4315.5,-1
13,-2.05711,-14.125,2,25,10,4356,-1
13,-2.41241,-13.875,2,25,9,4741,-1
13,-4.19974,-14.125,2,25,18,7301,-1
13,-4.39577,-14,2,25,11,7648,-1
13,-1.66063,-13.9375,2,25,7,9178.5,-1
13,20.0625,-42.1193,-1.9375,64,6,9374,1
13,-2.98793,-13.9375,2,25,7,9482.5,-1
13,-3.9291,-13.875,2,25,9,9644.5,-1
13,-3.97145,-14,2,25,3,10070,-1
13,19.9375,-41.6925,-2,64,1,10155.5,1
13,-2.88246,-14.125,2,25,10,10791,-1
13,-3.35378,-13.875,2,25,17,11019,-1
13,-2.97105,-13.875,2,25,17,11138,-1
13,-2.61558,-14.125,2,25,10,11355,-1
13,-3.63634,-13.9375,2,25,16,11546,-1
13,-0.957095,-14,2,25,0,12190,-1
13,-4.75805,-13.875,2,25,17,12533.5,-1
13,-2.90908,-13.9375,2,25,19,12966,-1
13,-0.669741,-13.9375,2,25,19,13621,-1
13,-1.88351,-14.125,2,25,14,13968,-1
13,-4.23365,-14.0625,2,25,8,14128.5,-1
14,19.9375,-42.5688,-2.125,64,20,681,1
14,-4.6235,-13.9375,2,25,19,730,-1
14,-2.40555,-14,2,25,4,3223.5,-1
14,19.875,-42.3825,-2.0625,64,18,3956,1
14,-1.76127,-14.125,2,25,14,6490,-1
14,-2.79997,-14.0625,2,25,8,6778.5,-1
14,-1.08941,-13.9375,2,25,19,8094.5,-1
14,19.9375,-42.0714,-2.125,64,20,8298,1
14,-2.99123,-14.125,2,25,18,8586,-1
14,-2.59397,-14,2,25,12,9144,-1
14,-3.48256,-13.9375,2,25,2,9578.5,-1
14,20.0625,-42.8141,-2.0625,64,7,10255.5,1
14,19.9375,-42.6181,-2.0625,64,5,10607,1
14,-0.973666,-13.9375,2,25,2,11777,-1
14,-0.822263,-13.875,2,25,9,11936,-1
14,-1.84187,-13.875,2,25,9,12052.5,-1
14,-2.91532,-14.0625,2,25,5,13081,-1
14,-1.5209,-14,2,25,0,13551,-1
14,-4.4831,-14,2,25,4,13660,-1
15,-4.63185,-13.9375,2,25,6,452.5,-1
15,-4.92497,-14.0625,2,25,1,898.5,-1
15,19.9375,-42.0111,-2.0625,64,5,1449.5,1
15,-2.19446,-14.0625,2,25,8,1648,-1
15,20.0625,-42.791,-2,64,2,2101,1
15,-2.65818,-13.9375,2,25,7,2731.5,-1
15,-4.17129,-13.9375,2,25,6,3112.5,-1
15,-3.77427,-13.9375,2,25,16,3235,-1
15,-3.0247,-14.125,2,25,18,3874.5,-1
15,19.9375,-42.5968,-2.0625,64,5,4493,1
15,-2.3414,-13.9375,2,25,16,5465.5,-1
15,-1.87142,-14.0625,2,25,20,5632.5,-1
15,-3.40349,-13.9375,2,25,16,5800,-1
15,-4.17986,-14,2,25,11,6167,-1
15,19.9375,-41.3323,-1.9375,64,8,6218,1
15,20,-41.527,-2.0625,64,3,6338,1
15,-2.47119,-14.0625,2,25,15,7486,-1
15,19.9375,-42.8075,-1.875,64,15,7538,1
15,-3.44934,-14,2,25,11,8557,-1
15,-3.61705,-13.875,2,25,17,8708.5,-1
15,20.0625,-42.0479,-2,64,2,9888.5,1
15,-2.30383,-14,2,25,4,10021.5,-1
15,-1.94069,-14.0625,2,25,1,10607.5,-1
15,-2.22663,-13.9375,2,25,2,12365,-1
15,20,-42.4674,-2.0625,64,3,12642.5,1
15,-4.90206,-13.875,2,25,9,13133.5,-1
15,-4.79795,-14,2,25,11,13205,-1
15,20.125,-41.3694,-2,64,9,13870,1
16,-0.741564,-13.9375,2,25,6,303,-1
16,-2.23091,-13.875,2,25,9,509,-1
16,-0.81402,-13.875,2,25,13,1123,-1
16,-3.796,-14.125,2,25,14,1370,-1
16,-3.94809,-13.9375,2,25,16,1955.5,-1
16,19.875,-41.9049,-2.0625,64,18,2049,1
16,-4.07813,-13.9375,2,25,19,2444.5,-1
16,-2.85996,-14,2,25,11,3056,-1
16,-0.407532,-14,2,25,11,3173.5,-1
16,-4.42351,-13.9375,2,25,7,3669.5,-1
16,19.9375,-42.765,-1.875,64,15,6390.5,1
16,19.9375,-41.5448,-1.875,64,15,6450.5,1
16,-1.77082,-13.9375,2,25,19,7808.5,-1
16,-0.291412,-13.9375,2,25,6,8802.5,-1
16,-2.53742,-14.0625,2,25,1,8911.5,-1
16,-3.25263,-14,2,25,3,9327.5,-1
16,-4.14291,-14,2,25,4,9366.5,-1
16,-0.806477,-14.125,2,25,10,9919,-1
16,-0.609245,-14.0625,2,25,8,10080,-1
16,19.875,-41.4066,-2.0625,64,18,10731,1
16,-2.87934,-14.125,2,25,18,13246.5,-1
16,19.9375,-41.8851,-2.0625,64,5,14328,1
17,19.9375,-42.826,-1.875,64,15,293,1
17,19.875,-42.6318,-1.9375,64,14,1202,1
17,-4.67731,-14,2,25,3,1506,-1
17,-4.92122,-13.9375,2,25,6,2319.5,-1
17,-3.28546,-13.875,2,25,17,2833.5,-1
17,-2.58286,-14,2,25,11,3314.5,-1
17,20,-41.3069,-2.0625,64,3,3899.5,1
17,-0.954714,-14,2,25,11,4449.5,-1
17,-1.1978,-13.9375,2,25,6,4696.5,-1
17,-3.54505,-13.9375,2,25,16,5253,-1
17,-2.43533,-14,2,25,12,5294.5,-1
17,-0.703386,-14,2,25,4,5451,-1
17,-3.42021,-14.125,2,25,14,7150,-1
17,-4.46482,-14.0625,2,25,20,7282,-1
17,19.9375,-42.2266,-1.875,64,15,7455,1
17,-1.83849,-14,2,25,3,8210,-1
17,20,-41.9653,-1.9375,64,4,9029,1
17,-4.07927,-14.0625,2,25,8,9661,-1
17,-4.07549,-14,2,25,3,9737.5,-1
17,20.0625,-41.3973,-2.0625,64,7,9977,1
17,20,-41.8258,-2.0625,64,3,10291.5,1
17,-2.17566,-14.0625,2,25,1,10394,-1
17,-1.08096,-13.9375,2,25,19,12418,-1
17,-3.28081,-13.875,2,25,17,13291,-1
18,-4.95679,-14.125,2,25,18,239,-1
18,-1.3782,-14.0625,2,25,8,651,-1
18,-0.840503,-14,2,25,12,769,-1
18,-2.71265,-14.0625,2,25,5,1281,-1
18,-4.94622,-13.9375,2,25,2,1470.5,-1
18,-0.52815,-14.0625,2,25,1,1823,-1
18,-0.86386,-13.875,2,25,17,2325.5,-1
18,20,-41.5118,-2.125,64,12,4269,1
18,-3.68723,-14.0625,2,25,5,4317.5,-1
18,20,-42.1985,-2.0625,64,3,4406.5,1
18,20,-42.3361,-1.9375,64,4,4773.5,1
18,-0.758664,-14.0625,2,25,5,5380.5,-1
18,20.125,-41.4129,-1.9375,64,17,6939,1
18,-2.98043,-13.9375,2,25,2,7411,-1
18,-2.97067,-14.0625,2,25,5,8528,-1
18,-2.67053,-13.9375,2,25,6,8634.5,-1
18,20.0625,-42.0787,-2.0625,64,7,9256.5,1
18,20,-41.289,-2,64,0,10387.5,1
18,-4.90485,-14.125,2,25,10,10609,-1
18,-4.2578,-13.9375,2,25,7,10937.5,-1
18,-0.667566,-14.0625,2,25,8,11701,-1
18,19.875,-41.5503,-1.9375,64,14,12141,1
18,20.125,-42.5242,-2.0625,64,13,12319,1
18,-1.62131,-13.875,2,25,9,12409,-1
18,-2.34455,-13.875,2,25,9,12529,-1
18,-0.314824,-13.9375,2,25,6,12569.5,-1
19,-2.16265,-14,2,25,11,495,-1
19,19.875,-41.3558,-1.9375,64,14,1236,1
19,-1.62369,-14.125,2,25,14,1491,-1
19,20.0625,-42.5328,-2.125,64,16,1542.5,1
19,20.0625,-42.1335,-2,64,2,2511.5,1
19,-1.80524,-14.125,2,25,14,2793.5,-1
19,-4.54005,-14,2,25,11,3292,-1
19,20.0625,-42.7051,-2,64,2,4392,1
19,-4.33587,-14,2,25,3,4720.5,-1
19,-4.85342,-14,2,25,4,4893.5,-1
19,20.0625,-42.7556,-2.0625,64,7,5239.5,1
19,-2.37018,-14,2,25,12,6000,-1
19,20.0625,-42.5851,-2.125,64,16,8579,1
19,19.9375,-42.0095,-2.125,64,20,9068,1
19,-1.50448,-14.125,2,25,18,9844.5,-1
19,-2.43557,-13.9375,2,25,19,9886,-1
19,-0.662664,-13.875,2,25,9,10695.5,-1
19,-1.84585,-14,2,25,4,11119.5,-1
19,-2.93509,-13.9375,2,25,16,11371,-1
19,-1.77012,-14.125,2,25,14,11525.5,-1
19,-1.10023,-14.125,2,25,18,12002,-1
20,-0.45405,-13.9375,2,25,2,1003,-1
20,-0.685938,-14.0625,2,25,1,1158.5,-1
20,-1.9874,-14.0625,2,25,1,1230,-1
20,-2.95373,-14,2,25,0,1382,-1
20,20,-41.7649,-2,64,0,1792.5,1
20,-3.30859,-14.0625,2,25,20,3599.5,-1
20,-2.85451,-14.125,2,25,14,3842,-1
20,20.0625,-42.2955,-2,64,2,4543,1
20,20.0625,-41.8098,-1.9375,64,6,4875,1
20,-2.2548,-13.875,2,25,9,5075,-1
20,-0.524717,-14.0625,2,25,15,5760.5,-1
20,-4.96332,-14.0625,2,25,5,6449,-1
20,-0.976198,-13.9375,2,25,6,6672,-1
20,-2.76647,-14,2,25,3,6711,-1
20,-0.580158,-14.0625,2,25,5,7460.5,-1
20,-3.07479,-14,2,25,4,7827,-1
20,-4.13757,-14,2,25,4,7865.5,-1
20,-2.26129,-13.875,2,25,9,8272,-1
20,-4.18726,-14.0625,2,25,15,8487.5,-1
20,-2.00001,-14,2,25,3,8985.5,-1
20,-1.54759,-14,2,25,11,9699,-1
20,-2.16686,-14,2,25,3,10105,-1
20,-0.454045,-13.9375,2,25,7,10457.5,-1
20,20.0625,-42.7157,-2,64,2,10645,1
20,-2.26392,-14.0625,2,25,1,10751,-1
20,-4.19425,-13.9375,2,25,7,11489,-1
20,-0.443371,-14.0625,2,25,5,11528.5,-1
20,-3.55973,-14.0625,2,25,8,11600.5,-1
20,19.875,-41.976,-2.0625,64,18,12927,1
20,-3.59409,-14,2,25,12,13450.5,-1
21,19.9375,-41.5303,-2,64,1,517.5,1
21,19.875,-42.8674,-2,64,10,967.5,1
21,-1.86313,-14.125,2,25,14,3378.5,-1
21,-2.94175,-13.875,2,25,17,3455,-1
21,-1.03937,-14.0625,2,25,15,3668.5,-1
21,-3.79568,-13.875,2,25,13,4349.5,-1
21,-0.781924,-13.9375,2,25,6,4789,-1
21,-3.70843,-14,2,25,12,5023.5,-1
21,-0.529262,-13.875,2,25,17,5065,-1
21,-2.08566,-13.9375,2,25,6,5218.5,-1
21,20,-41.9611,-2.0625,64,3,5568,1
21,19.875,-41.7459,-2,64,10,6233.5,1
21,-1.78951,-13.875,2,25,17,6949.5,-1
21,-1.59559,-14.125,2,25,18,7071,-1
21,-0.99117,-14.125,2,25,10,8641.5,-1
21,20,-42.2397,-2,64,0,8976.5,1
21,20,-41.5493,-2.125,64,12,9830.5,1
21,-4.691,-13.9375,2,25,16,9879,-1
21,-0.972649,-13.9375,2,25,16,10003,-1
21,-3.76841,-13.9375,2,25,16,10287.5,-1
21,-2.29105,-13.875,2,25,13,10597.5,-1
21,-3.62574,-14,2,25,3,10998.5,-1
21,-4.18111,-14.0625,2,25,1,11137,-1
21,20,-41.3281,-2.0625,64,3,11265.5,1
21,19.9375,-42.2575,-2,64,1,13631.5,1
21,-1.567,-14.0625,2,25,1,13784,-1
21,19.875,-42.9017,-1.9375,64,14,14271,1
22,-2.25199,-14,2,25,11,190,-1
22,-0.862264,-14,2,25,11,231.5,-1
22,-0.94638,-14.125,2,25,14,791.5,-1
22,-2.19299,-13.9375,2,25,16,1183,-1
22,-4.2289,-14.0625,2,25,15,1528,-1
22,-4.61268,-13.9375,2,25,7,2348.5,-1
22,-1.09839,-14.0625,2,25,5,2467,-1
22,-2.54616,-14,2,25,0,3076.5,-1
22,-3.87021,-13.9375,2,25,2,3805.5,-1
22,-2.7523,-13.9375,2,25,2,4102,-1
22,-3.11279,-14.0625,2,25,1,4372,-1
22,-0.677298,-14.125,2,25,14,4914.5,-1
22,-1.19679,-13.9375,2,25,7,5344,-1
22,-0.56688,-13.875,2,25,17,6521.5,-1
22,19.9375,-42.2768,-2.0625,64,5,7118.5,1
22,20.0625,-41.9588,-1.9375,64,6,7665.5,1
22,-2.86855,-14.0625,2,25,8,7712,-1
22,-3.19541,-13.9375,2,25,6,7751,-1
22,20.0625,-41.7696,-2,64,2,8039.5,1
22,20,-41.704,-1.9375,64,4,8161,1
22,19.9375,-41.879,-1.875,64,15,8689.5,1
22,-1.69814,-14.125,2,25,14,8774,-1
22,-4.08407,-14.0625,2,25,20,9728.5,-1
22,-2.11394,-13.875,2,25,17,9770,-1
22,-3.34651,-14.125,2,25,18,10175,-1
22,-1.22725,-13.9375,2,25,19,10859.5,-1
22,19.875,-42.9334,-2,64,10,11648.5,1
22,-4.92058,-13.875,2,25,9,12076,-1
22,20.0625,-41.7836,-1.9375,64,6,12946.5,1
23,-4.30941,-13.875,2,25,9,107,-1
23,-2.64681,-13.875,2,25,17,327,-1
23,19.9375,-41.3723,-1.875,64,15,1462,1
23,-4.48007,-13.9375,2,25,7,2615,-1
23,-0.921371,-14,2,25,11,3417,-1
23,-4.68233,-14.125,2,25,18,4344.5,-1
23,-3.03494,-13.875,2,25,9,4929.5,-1
23,-4.03,-14.125,2,25,18,5560,-1
23,-1.71152,-13.875,2,25,13,5794,-1
23,20,-41.6612,-2.125,64,12,6775,1
23,-3.40522,-13.875,2,25,13,7574,-1
23,-4.24118,-13.9375,2,25,2,8660.5,-1
23,-4.06128,-13.9375,2,25,6,8990,-1
23,-4.89711,-14,2,25,3,9147.5,-1
23,19.875,-41.5962,-1.9375,64,14,10017,1
23,-0.208005,-14,2,25,4,10326.5,-1
23,-4.74553,-14,2,25,4,10484,-1
23,-3.96872,-14.125,2,25,10,10773,-1
23,19.875,-41.7745,-2,64,10,10860.5,1
23,20.125,-41.4442,-2,64,9,10955.5,1
23,20.125,-42.1959,-1.9375,64,17,11666,1
23,-2.22169,-14,2,25,12,12179,-1
23,-2.9007,-14.125,2,25,10,12964.5,-1
23,20,-41.743,-1.9375,64,4,13143,1
23,-0.585585,-13.9375,2,25,6,13835,-1
24,-4.38589,-14.0625,2,25,5,39.5,-1
24,20,-41.3266,-1.9375,64,4,299,1
24,20.0625,-41.4604,-1.9375,64,6,451,1
24,-1.62584,-14,2,25,12,910.5,-1
24,19.9375,-42.7419,-1.9375,64,8,996,1
24,20.0625,-42.1331,-1.9375,64,6,3538,1
24,-4.73881,-13.9375,2,25,6,3730,-1
24,19.9375,-42.8319,-2.0625,64,5,3850.5,1
24,-3.37879,-13.875,2,25,17,4481,-1
24,19.875,-41.4722,-2.0625,64,18,5247.5,1
24,-4.82132,-13.9375,2,25,19,5528,-1
24,-1.20659,-13.9375,2,25,16,5569.5,-1
24,-4.19379,-14,2,25,12,5928,-1
24,-1.92211,-14.0625,2,25,8,6195,-1
24,19.9375,-42.3867,-2.0625,64,5,6483,1
24,20,-41.6571,-1.9375,64,4,6778.5,1
24,-1.69587,-14,2,25,0,7175,-1
24,19.9375,-41.6171,-2.0625,64,5,8085.5,1
24,-3.04228,-14,2,25,3,8533.5,-1
24,-2.00606,-14,2,25,4,8751.5,-1
24,19.9375,-42.9159,-2.0625,64,5,8834,1
24,20.0625,-42.22,-1.9375,64,6,10219.5,1
24,-3.38699,-13.9375,2,25,2,10513.5,-1
24,-4.3541,-13.9375,2,25,7,11003,-1
24,-2.42387,-13.9375,2,25,19,11349.5,-1
24,19.9375,-42.4984,-1.875,64,15,11676,1
24,-3.06833,-14.0625,2,25,15,11725,-1
24,-0.72779,-14.0625,2,25,15,11842,-1
25,-3.96073,-13.9375,2,25,19,121,-1
25,-1.3354,-14,2,25,11,479,-1
25,-3.95551,-13.875,2,25,13,520,-1
25,19.9375,-42.7516,-2.0625,64,5,1992.5,1
25,-1.68945,-13.9375,2,25,6,2781,-1
25,-3.37894,-13.875,2,25,9,4037.5,-1
25,-4.72951,-14.0625,2,25,15,4421.5,-1
25,-4.82149,-14.0625,2,25,8,4541,-1
25,-2.13771,-13.9375,2,25,6,4611.5,-1
25,-1.83975,-13.9375,2,25,6,4723,-1
25,-1.29907,-14.0625,2,25,5,5008,-1
25,-2.99062,-13.9375,2,25,2,5804.5,-1
25,-1.68941,-13.9375,2,25,2,6339,-1
25,-0.691958,-14.0625,2,25,1,6407.5,-1
25,-2.1772,-13.9375,2,25,16,6819,-1
25,19.875,-41.641,-2.0625,64,18,7493.5,1
25,20.0625,-42.7038,-1.875,64,19,7696.5,1
25,20.125,-41.7423,-2,64,9,8667,1
25,-2.46702,-14,2,25,4,9459.5,-1
25,-2.72823,-14.125,2,25,18,12190,-1
25,-2.58353,-14.125,2,25,18,12344.5,-1
25,-2.91462,-14.0625,2,25,15,12614.5,-1
25,-0.213956,-14.0625,2,25,8,12838,-1
25,-4.0483,-14,2,25,3,13234.5,-1
25,-1.75126,-14.0625,2,25,5,13512.5,-1
25,-4.70418,-14,2,25,4,13591,-1
25,20.0625,-42.1338,-1.9375,64,6,13832,1
25,-4.70936,-14.0625,2,25,5,14145,-1
26,-4.31364,-13.875,2,25,17,123.5,-1
26,20.0625,-41.6482,-2.0625,64,7,737,1
26,19.9375,-41.9664,-1.875,64,15,2498,1
26,-3.65647,-13.875,2,25,9,2756,-1
26,20.0625,-42.8948,-1.9375,64,6,2869,1
26,-3.86373,-13.9375,2,25,7,3279.5,-1
26,-0.87101,-13.9375,2,25,16,4032.5,-1
26,-0.922811,-14,2,25,11,4292,-1
26,-2.76366,-13.875,2,25,17,4597,-1
26,20,-41.6624,-2,64,0,5255.5,1
26,19.9375,-41.342,-2.0625,64,5,6021.5,1
26,-4.31936,-13.9375,2,25,6,6101.5,-1
26,20,-41.2158,-2,64,0,6695.5,1
26,19.9375,-41.6675,-2,64,1,8805.5,1
26,-3.26789,-14.0625,2,25,5,8888,-1
26,-2.96988,-14,2,25,4,9867,-1
26,20.0625,-41.944,-1.9375,64,6,9951,1
26,-3.18138,-13.9375,2,25,16,10758.5,-1
26,20,-41.5068,-1.875,64,11,10991,1
26,-4.18911,-14,2,25,12,11081.5,-1
26,20.0625,-41.3898,-2.125,64,16,11311,1
26,-4.21375,-14.0625,2,25,5,12783.5,-1
26,-3.7069,-13.9375,2,25,6,13303,-1
27,-1.15671,-14,2,25,11,477,-1
27,-4.72826,-14,2,25,11,707.5,-1
27,-2.55417,-13.875,2,25,17,2611.5,-1
27,-4.40792,-14.125,2,25,18,2721.5,-1
27,-1.09155,-14,2,25,11,3749,-1
27,19.9375,-42.1104,-2.0625,64,5,3799.5,1
27,19.9375,-41.3551,-1.875,64,15,4578.5,1
27,-1.4877,-14.0625,2,25,20,5731,-1
27,20.0625,-42.1754,-2.125,64,16,6013.5,1
27,-3.85691,-14.0625,2,25,8,7080.5,-1
27,-4.32719,-14.0625,2,25,8,7119.5,-1
27,-3.57355,-14.125,2,25,18,7776,-1
27,-1.80412,-13.9375,2,25,19,8563,-1
27,19.9375,-41.4461,-2.125,64,20,8758,1
27,-3.68746,-14.0625,2,25,20,8890.5,-1
27,20.125,-41.5522,-2.0625,64,13,9498,1
27,20.0625,-41.6761,-2.125,64,16,10112.5,1
27,20.125,-41.8415,-2.0625,64,13,10330.5,1
27,19.875,-42.7373,-2.0625,64,18,11093.5,1
27,-4.11082,-14.125,2,25,14,11925.5,-1
27,20.0625,-41.9051,-2.0625,64,7,12599.5,1
27,-1.99751,-14,2,25,3,13016,-1
27,-3.65939,-13.9375,2,25,19,13504.5,-1
27,-1.20328,-13.875,2,25,13,13750,-1
27,19.9375,-42.8797,-2.125,64,20,13849.5,1
27,20.0625,-42.682,-1.875,64,19,14188,1
28,19.9375,-41.8054,-1.9375,64,8,92,1
28,-4.446,-14,2,25,4,211,-1
28,20,-42.7869,-1.9375,64,4,260,1
28,-1.61144,-14.0625,2,25,5,564,-1
28,-1.68107,-13.875,2,25,9,1687,-1
28,-1.12211,-14,2,25,11,1972,-1
28,-3.70505,-14.125,2,25,14,2770.5,-1
28,-0.666053,-13.9375,2,25,19,3654.5,-1
28,19.875,-42.5614,-2.0625,64,18,3741.5,1
28,-2.85931,-14,2,25,12,3982.5,-1
28,-0.961963,-13.875,2,25,17,4226,-1
28,19.9375,-42.5518,-2.0625,64,5,4727.5,1
28,20.125,-42.656,-1.9375,64,17,5710,1
28,-2.81285,-13.875,2,25,17,5759,-1
28,-1.87353,-13.9375,2,25,6,6753,-1
28,-2.49534,-13.9375,2,25,6,7318.5,-1
28,19.875,-42.8781,-1.9375,64,14,8148.5,1
28,-3.29516,-14.0625,2,25,15,8339.5,-1
28,-3.3631,-14.125,2,25,14,8380.5,-1
28,20.0625,-42.5678,-2.125,64,16,8501,1
28,-1.27282,-14,2,25,12,9636,-1
28,-4.84289,-14.125,2,25,14,9676.5,-1
28,20,-42.5468,-1.875,64,11,9728.5,1
28,-1.89328,-14,2,25,3,10582.5,-1
28,-2.18376,-13.9375,2,25,7,10775,-1
28,-0.278149,-13.9375,2,25,7,12331,-1
28,19.9375,-42.9984,-1.875,64,15,12969,1
28,-3.79159,-13.9375,2,25,16,13018.5,-1
28,-3.93188,-13.9375,2,25,19,13291,-1
28,20.125,-41.7397,-2.0625,64,13,13488.5,1
28,-2.46161,-13.9375,2,25,19,13869.5,-1
28,-2.95056,-14.125,2,25,18,14081,-1
28,20.125,-42.7178,-2.0625,64,13,14132.5,1
28,-4.76769,-14,2,25,11,14288.5,-1
29,-3.01252,-14,2,25,12,617,-1
29,19.875,-42.6529,-2.0625,64,18,794,1
29,-4.38336,-14.0625,2,25,20,995,-1
29,-0.739357,-14.0625,2,25,8,1840,-1
29,-1.18867,-14,2,25,3,2448,-1
29,-4.58262,-13.9375,2,25,2,2517.5,-1
29,-1.26654,-13.9375,2,25,16,3275,-1
29,-0.590582,-14.125,2,25,18,3721,-1
29,-3.80067,-13.875,2,25,13,3838,-1
29,-2.16958,-14.125,2,25,14,4003,-1
29,-2.61935,-14.125,2,25,10,5057,-1
29,-1.43712,-14.125,2,25,10,5098.5,-1
29,-3.02675,-13.875,2,25,17,5958.5,-1
29,-2.50383,-13.875,2,25,17,6000,-1
29,-4.71209,-14,2,25,0,6867,-1
29,19.9375,-42.4617,-1.9375,64,8,6955.5,1
29,-2.05778,-14.125,2,25,18,7302.5,-1
29,19.875,-42.3411,-2.0625,64,18,7354.5,1
29,-1.66016,-14.0625,2,25,15,7505,-1
29,-4.43516,-14,2,25,12,8299,-1
29,-0.730243,-13.875,2,25,13,8747,-1
29,-3.98098,-14,2,25,3,9799,-1
29,-3.59786,-14.0625,2,25,8,10329.5,-1
29,19.875,-41.8467,-1.9375,64,14,11206.5,1
29,-4.07668,-14.125,2,25,18,11439,-1
29,-4.87146,-13.9375,2,25,16,11563.5,-1
29,-0.93309,-14.0625,2,25,15,11682.5,-1
29,-3.38771,-14,2,25,11,11958.5,-1
29,-1.51343,-14.0625,2,25,8,12968.5,-1
30,-4.49414,-13.9375,2,25,16,41.5,-1
30,-4.09207,-13.875,2,25,9,827,-1
30,-1.11257,-13.875,2,25,9,1514.5,-1
30,-0.887152,-13.9375,2,25,7,1862.5,-1
30,-0.504158,-14,2,25,11,2165.5,-1
30,-0.576116,-14.125,2,25,14,2533.5,-1
30,-1.54945,-14.125,2,25,10,2918.5,-1
30,-4.5417,-14.0625,2,25,5,3758.5,-1
30,-4.60964,-14,2,25,4,4022,-1
30,-0.549979,-13.9375,2,25,7,4417.5,-1
30,-4.24622,-13.9375,2,25,6,5076,-1
30,-1.00049,-13.875,2,25,13,5191.5,-1
30,-3.9117,-13.9375,2,25,16,5232.5,-1
30,-4.13885,-13.9375,2,25,19,6109.5,-1
30,-2.83484,-14.125,2,25,14,6190,-1
30,-0.69296,-13.9375,2,25,7,6335.5,-1
30,-1.96923,-13.9375,2,25,7,7060.5,-1
30,-4.60425,-14,2,25,3,7185,-1
30,20.125,-42.6456,-1.9375,64,17,8225,1
30,-3.32529,-13.9375,2,25,19,8658,-1
30,-2.57488,-13.9375,2,25,16,8797.5,-1
30,19.875,-41.749,-2,64,10,8882,1
30,-0.62944,-14.0625,2,25,1,12041,-1
30,-2.37097,-13.9375,2,25,7,12633.5,-1
30,-0.57556,-13.875,2,25,9,12772,-1
30,19.875,-41.6594,-2.0625,64,18,12865.5,1
30,-3.70383,-13.9375,2,25,16,13068.5,-1
30,19.875,-42.3967,-2,64,10,13431,1
31,20.0625,-41.322,-2.125,64,16,124.5,1
31,-1.45262,-14.125,2,25,14,661.5,-1
31,-1.04655,-14.125,2,25,18,3292,-1
31,-2.57848,-14.0625,2,25,5,4388.5,-1
31,-3.257,-13.9375,2,25,2,4685,-1
31,19.875,-41.4671,-1.9375,64,14,5414,1
31,-4.18168,-13.9375,2,25,7,5653,-1
31,20,-41.2784,-1.9375,64,4,6969,1
31,-3.03212,-14,2,25,12,7479.5,-1
31,-4.78137,-14.125,2,25,18,7781.5,-1
31,-2.57209,-14.0625,2,25,8,9206,-1
31,20,-42.6568,-1.875,64,11,9343,1
31,-0.684055,-13.875,2,25,13,9392.5,-1
31,-3.00757,-13.875,2,25,13,9570,-1
31,-2.6333,-13.9375,2,25,2,10708,-1
31,-3.64197,-14,2,25,12,11514,-1
31,-2.85158,-14.0625,2,25,8,11587,-1
31,-1.51229,-14.0625,2,25,15,11785,-1
31,-3.96693,-13.875,2,25,13,13873,-1
32,-2.66277,-14,2,25,0,224,-1
32,19.875,-41.9691,-2.0625,64,18,410,1
32,-3.0053,-14.0625,2,25,20,1494.5,-1
32,-1.021,-13.9375,2,25,6,2854,-1
32,-2.8122,-14,2,25,12,3585.5,-1
32,-1.19051,-14.125,2,25,10,3728.5,-1
32,-0.50573,-13.9375,2,25,19,4455,-1
32,-3.31983,-14.0625,2,25,15,4677.5,-1
32,-4.63954,-13.9375,2,25,7,5012.5,-1
32,-2.17389,-14.0625,2,25,20,6847.5,-1
32,-4.72221,-14,2,25,11,7814,-1
32,19.9375,-42.1959,-2.0625,64,5,9277.5,1
32,19.9375,-42.2714,-1.9375,64,8,9710.5,1
32,-4.42196,-14.0625,2,25,8,9792,-1
32,20.0625,-42.8447,-2.125,64,16,10381.5,1
32,-2.35136,-14.125,2,25,10,11141,-1
32,-4.58459,-14.125,2,25,10,11651.5,-1
32,-1.77959,-13.9375,2,25,2,13122,-1
32,-5.01763,-14.0625,2,25,5,14096.5,-1
33,-1.39908,-14.125,2,25,18,1173,-1
33,19.875,-41.8752,-2,64,10,1302,1
33,20.0625,-42.1983,-2.125,64,16,1396.5,1
33,-2.90986,-14,2,25,12,2654,-1
33,-3.52322,-14.0625,2,25,8,3405.5,-1
33,20.0625,-42.8402,-1.875,64,19,4153.5,1
33,-2.27391,-14.125,2,25,18,4418.5,-1
33,-1.74108,-13.875,2,25,17,4634,-1
33,-0.868229,-14.0625,2,25,20,5343,-1
33,-4.77635,-13.9375,2,25,7,6061.5,-1
33,19.9375,-41.9385,-1.9375,64,8,6142.5,1
33,-1.57582,-14.0625,2,25,1,6309.5,-1
33,-0.92773,-13.9375,2,25,16,6937,-1
33,-4.53612,-14,2,25,12,7157,-1
33,20.0625,-41.8662,-2.125,64,16,7428.5,1
33,19.875,-41.4979,-2,64,10,7488.5,1
33,20.0625,-41.8913,-1.875,64,19,7844,1
33,20,-42.4991,-1.9375,64,4,8211.5,1
33,-1.26811,-14.0625,2,25,5,8258,-1
33,20,-41.5163,-2,64,0,9012.5,1
33,20,-42.6044,-2.125,64,12,11529,1
33,-2.93958,-13.9375,2,25,16,11813.5,-1
33,-2.89583,-13.9375,2,25,19,11970.5,-1
33,20,-41.6741,-2.125,64,12,12994.5,1
33,-3.69317,-14,2,25,4,13792.5,-1
34,-2.09745,-14.0625,2,25,1,580.5,-1
34,-4.05647,-13.9375,2,25,19,844.5,-1
34,-4.08861,-14.125,2,25,18,1560,-1
34,-2.66025,-13.875,2,25,9,1719.5,-1
34,-3.48559,-14.0625,2,25,8,2201,-1
34,20,-41.6146,-2.0625,64,3,3401.5,1
34,-2.58296,-14.0625,2,25,8,3448,-1
34,-4.92039,-13.9375,2,25,2,4355,-1
34,-1.80899,-13.875,2,25,9,4692,-1
34,19.9375,-41.7966,-1.9375,64,8,5421,1
34,20,-42.5938,-2.0625,64,3,6222.5,1
34,20,-41.7976,-2.0625,64,3,6326,1
34,-5.01739,-14,2,25,3,6411.5,-1
34,20,-42.659,-1.875,64,11,6815.5,1
34,-0.602968,-14.0625,2,25,8,7251.5,-1
34,-0.714051,-14.0625,2,25,5,7535.5,-1
34,-0.958914,-13.9375,2,25,6,7740,-1
34,19.9375,-41.7523,-2.0625,64,5,7868.5,1
34,-3.00187,-13.875,2,25,13,8017.5,-1
34,-0.327279,-14,2,25,3,8658,-1
34,-1.69032,-14,2,25,11,9073,-1
34,-2.82058,-14.125,2,25,10,9255.5,-1
34,-2.38545,-13.9375,2,25,2,9520,-1
34,19.9375,-41.7873,-2,64,1,9966,1
34,-0.371448,-14.0625,2,25,8,10297.5,-1
34,-2.88874,-14,2,25,3,10698.5,-1
34,20,-42.9187,-2,64,0,11064,1
34,-1.44113,-13.9375,2,25,2,11109.5,-1
34,-2.14605,-13.9375,2,25,2,11429.5,-1
34,-1.75958,-14,2,25,3,11507.5,-1
34,20.125,-42.6922,-2,64,9,11954,1
34,-3.73201,-14,2,25,11,12003,-1
34,19.875,-41.6686,-1.9375,64,14,12161.5,1
34,-2.28142,-13.9375,2,25,16,12252,-1
34,19.875,-41.7753,-1.9375,64,14,12766.5,1
34,-3.52883,-13.875,2,25,17,12998,-1
34,-2.04669,-14.125,2,25,10,13217.5,-1
34,19.9375,-42.3306,-1.9375,64,8,13720,1
35,-1.88881,-13.9375,2,25,7,1632,-1
35,-3.06898,-14,2,25,11,2317.5,-1
35,-4.33373,-14.0625,2,25,5,3278.5,-1
35,-3.43401,-14,2,25,3,3317.5,-1
35,-2.47785,-14.0625,2,25,1,3458.5,-1
35,20,-42.3845,-2.0625,64,3,3708.5,1
35,-0.891787,-13.9375,2,25,2,4376.5,-1
35,20.0625,-41.548,-2,64,2,4510.5,1
35,-3.81129,-14,2,25,3,4632.5,-1
35,-1.91671,-14,2,25,4,4918,-1
35,-3.13699,-14,2,25,3,4957,-1
35,-1.26318,-14,2,25,3,5120.5,-1
35,-2.60236,-14.0625,2,25,1,5484,-1
35,-0.840938,-13.9375,2,25,2,5806,-1
35,-3.79309,-13.9375,2,25,2,5946,-1
35,-2.11624,-13.9375,2,25,2,6052.5,-1
35,-1.17694,-13.9375,2,25,7,8022.5,-1
35,-2.18428,-14.0625,2,25,8,8815,-1
35,19.9375,-41.5029,-2.0625,64,5,9241,1
35,-4.33422,-13.875,2,25,9,12099,-1
35,-0.42808,-14.0625,2,25,5,12346,-1
35,-1.6829,-14.125,2,25,14,13932.5,-1
35,-2.28757,-13.875,2,25,9,14119,-1
35,-4.25034,-13.9375,2,25,6,14157.5,-1
36,-4.2538,-14.0625,2,25,8,922,-1
36,-1.84334,-14.0625,2,25,8,996.5,-1
36,-4.01171,-13.9375,2,25,6,1572,-1
36,-0.472981,-13.9375,2,25,2,2201,-1
36,19.875,-41.8568,-2.0625,64,18,2360,1
36,-1.52232,-13.9375,2,25,16,3701.5,-1
36,-4.47553,-14,2,25,11,3814.5,-1
36,-1.41851,-14.0625,2,25,5,4036,-1
36,-3.65593,-13.9375,2,25,6,4492.5,-1
36,19.875,-41.4225,-1.9375,64,14,6067,1
36,-1.47597,-14.0625,2,25,15,6591.5,-1
36,19.9375,-42.316,-2.125,64,20,6643,1
36,-1.23635,-13.875,2,25,13,7132.5,-1
36,19.9375,-42.2038,-1.875,64,15,8030,1
36,-4.87348,-13.9375,2,25,6,8418,-1
36,-2.0809,-13.875,2,25,13,8575.5,-1
36,19.875,-42.7279,-2.0625,64,18,8955.5,1
36,19.875,-42.2773,-2.0625,64,18,9499.5,1
36,-4.65833,-14.125,2,25,18,9750.5,-1
36,-2.89164,-14,2,25,11,10211.5,-1
36,-2.1934,-13.875,2,25,13,11487.5,-1
36,-1.14309,-14.125,2,25,14,11529,-1
36,-2.32708,-13.9375,2,25,7,11983,-1
36,20.125,-42.5269,-1.9375,64,17,12219.5,1
36,-3.10436,-14,2,25,12,12462.5,-1
36,-4.73257,-13.9375,2,25,19,13196,-1
37,-3.72715,-14,2,25,12,119,-1
37,19.9375,-42.654,-2.0625,64,5,506,1
37,-2.18972,-14,2,25,3,733,-1
37,19.875,-41.3725,-2,64,10,842,1
37,-4.29724,-14,2,25,4,1543.5,-1
37,-4.50727,-13.875,2,25,9,1621.5,-1
37,-1.02565,-14.125,2,25,10,2227,-1
37,-2.48278,-13.9375,2,25,19,2436.5,-1
37,20.125,-42.5664,-1.9375,64,17,2529.5,1
37,-3.52707,-13.875,2,25,17,2918.5,-1
37,19.9375,-42.1364,-1.875,64,15,2971,1
37,-2.34968,-14.0625,2,25,15,3262,-1
37,20.0625,-42.7226,-2.125,64,16,3313.5,1
37,-2.48967,-14.125,2,25,18,3942,-1
37,-3.07432,-14.0625,2,25,15,4586,-1
37,-3.88273,-13.875,2,25,9,5041,-1
37,19.9375,-42.3207,-1.9375,64,8,6867,1
37,19.9375,-42.3989,-2,64,1,7957,1
37,-1.93702,-14.0625,2,25,20,8275,-1
37,-2.49371,-14.0625,2,25,15,8354,-1
37,-1.27214,-14,2,25,3,9339,-1
37,-1.03055,-13.9375,2,25,2,9483,-1
37,-2.50409,-13.9375,2,25,2,9556.5,-1
38,20.0625,-41.5382,-2.125,64,16,732.5,1
38,-4.73101,-14.125,2,25,14,1047,-1
38,20,-42.1639,-2,64,0,2399,1
38,-2.84676,-14.0625,2,25,1,2514.5,-1
38,20.125,-42.8812,-2.0625,64,13,3616.5,1
38,-4.54264,-14.125,2,25,14,3666,-1
38,19.9375,-42.3095,-2,64,1,4669.5,1
38,-3.00923,-13.9375,2,25,2,5206.5,-1
38,-1.91027,-14,2,25,12,5585.5,-1
38,-0.857231,-13.9375,2,25,16,5734,-1
38,-1.62454,-14.0625,2,25,20,6352.5,-1
38,20.125,-41.3693,-1.9375,64,17,6405,1
38,-1.05511,-13.9375,2,25,19,6454,-1
38,19.875,-42.7279,-1.9375,64,14,6826.5,1
38,20,-41.5744,-2.125,64,12,7316,1
38,20.0625,-42.1447,-2.0625,64,7,8634,1
38,-2.10742,-13.875,2,25,13,9857,-1
38,-4.45218,-14.0625,2,25,20,9973,-1
38,-1.64886,-14,2,25,12,11451.5,-1
38,-2.20666,-13.9375,2,25,7,11524.5,-1
38,-3.39258,-13.9375,2,25,7,12020.5,-1
38,-2.32587,-13.9375,2,25,7,12187.5,-1
38,-0.367279,-14.0625,2,25,1,12260,-1
38,20,-42.9376,-1.9375,64,4,12451.5,1
38,19.9375,-42.5186,-1.9375,64,8,12793.5,1
38,-0.328642,-14.0625,2,25,1,12941.5,-1
38,-3.16609,-14,2,25,0,13362.5,-1
38,-2.65057,-13.9375,2,25,2,13440,-1
39,-3.85275,-13.9375,2,25,19,322.5,-1
39,-3.58541,-13.875,2,25,13,1145.5,-1
39,20.125,-42.0564,-1.9375,64,17,2074.5,1
39,-1.01428,-13.9375,2,25,6,4528.5,-1
39,-3.83719,-14,2,25,0,4783.5,-1
39,-3.43008,-14.0625,2,25,1,4822.5,-1
39,-2.16436,-14.125,2,25,10,5098,-1
39,-4.09667,-13.9375,2,25,19,5262,-1
39,-2.52968,-14.0625,2,25,15,7479,-1
39,-3.96372,-14,2,25,3,9248,-1
39,-1.88737,-14.0625,2,25,1,9940.5,-1
39,-2.13372,-13.875,2,25,9,10461,-1
39,20.0625,-42.4703,-2.0625,64,7,10591,1
39,-3.93617,-14,2,25,3,10839.5,-1
39,-4.86091,-14.0625,2,25,8,11833.5,-1
39,20,-41.6934,-2,64,0,12558.5,1
39,20.0625,-41.5584,-2,64,2,12705.5,1
40,-4.49562,-14,2,25,11,42,-1
40,-3.78373,-14.125,2,25,10,1698,-1
40,20.0625,-41.6754,-2.125,64,16,2406.5,1
40,19.875,-42.7333,-2,64,10,2543,1
40,-0.399309,-14.0625,2,25,8,2968.5,-1
40,-0.733492,-14.0625,2,25,5,3586.5,-1
40,20,-42.3755,-1.9375,64,4,3940.5,1
40,-1.92141,-13.9375,2,25,2,4516,-1
40,-1.57385,-14.0625,2,25,15,5258.5,-1
40,-3.68198,-14.125,2,25,10,5467,-1
40,-0.838333,-13.9375,2,25,7,5720.5,-1
40,-3.14984,-13.9375,2,25,19,7894,-1
40,-2.0463,-13.9375,2,25,16,9397.5,-1
40,-1.10554,-14,2,25,4,10037.5,-1
40,-0.381828,-14.0625,2,25,1,10672,-1
40,19.9375,-41.5056,-1.875,64,15,12223,1
40,-4.09621,-14,2,25,11,12615,-1
40,20.0625,-41.3325,-2.0625,64,7,13688,1
40,-4.66862,-13.9375,2,25,7,13867.5,-1
41,-4.63904,-14.125,2,25,10,386.5,-1
41,-0.836814,-14,2,25,4,427,-1
41,-3.81642,-13.875,2,25,17,823.5,-1
41,-1.61653,-13.875,2,25,9,1925.5,-1
41,20,-41.4678,-2.125,64,12,2338.5,1
41,-2.41261,-13.875,2,25,13,2454.5,-1
41,-3.4814,-13.9375,2,25,19,2844.5,-1
41,-3.89228,-14.0625,2,25,20,2885.5,-1
41,-1.17489,-13.875,2,25,13,3657,-1
41,20.0625,-41.5162,-2.0625,64,7,4486,1
41,-2.70497,-13.9375,2,25,7,4644,-1
41,-1.83709,-13.9375,2,25,2,4999.5,-1
41,-1.18015,-14,2,25,4,5499.5,-1
41,19.9375,-41.795,-2,64,1,5582,1
41,-4.18926,-14,2,25,12,5932.5,-1
41,-3.90724,-13.875,2,25,13,6167.5,-1
41,20.0625,-42.665,-2,64,2,7196.5,1
41,-3.56022,-13.9375,2,25,16,7822,-1
41,20.125,-41.4865,-1.9375,64,17,7948.5,1
41,-1.53867,-13.875,2,25,13,8039,-1
41,-4.40242,-13.875,2,25,17,8330,-1
41,-4.29334,-13.9375,2,25,7,10077.5,-1
41,20.125,-42.5691,-2,64,9,10194.5,1
41,-3.90534,-14,2,25,11,10923,-1
41,-1.30568,-13.875,2,25,13,11363.5,-1
41,20,-41.561,-2.125,64,12,11543.5,1
41,-2.08046,-13.875,2,25,9,11666.5,-1
41,-2.5086,-13.9375,2,25,2,13139,-1
42,-2.05801,-14,2,25,3,144.5,-1
42,-1.71547,-13.9375,2,25,6,215,-1
42,-0.269444,-13.9375,2,25,6,1091.5,-1
42,20.0625,-42.909,-2.0625,64,7,1171.5,1
42,-3.35354,-14.0625,2,25,15,2468,-1
42,-4.22127,-13.9375,2,25,16,2959,-1
42,19.875,-41.9025,-2,64,10,3180,1
42,-3.40172,-14.125,2,25,18,3497.5,-1
42,19.875,-42.51,-2,64,10,4259,1
42,-4.26944,-14.125,2,25,10,4429,-1
42,-2.93265,-14,2,25,12,5199,-1
42,-4.93282,-14.125,2,25,10,5381,-1
42,-3.3056,-14,2,25,4,5420.5,-1
42,-2.92215,-14.0625,2,25,1,5651.5,-1
42,-2.31204,-14.0625,2,25,8,6991,-1
42,-0.652188,-14,2,25,0,7570.5,-1
42,-3.00662,-13.9375,2,25,19,8238.5,-1
42,-2.66229,-14,2,25,12,8701.5,-1
42,20.0625,-42.1485,-1.9375,64,6,9674,1
42,-4.18067,-14,2,25,0,9802.5,-1
42,20.0625,-42.4801,-2,64,2,11016,1
42,-4.02368,-14.0625,2,25,5,11171.5,-1
42,-1.49471,-14.0625,2,25,8,11904.5,-1
42,-0.583178,-14,2,25,4,13079,-1
43,-3.79375,-14,2,25,3,708.5,-1
43,-2.66813,-14,2,25,3,1564.5,-1
43,-4.8369,-14,2,25,3,2025.5,-1
43,-0.755907,-14.0625,2,25,1,2342.5,-1
43,-1.13802,-14,2,25,0,2453,-1
43,-1.08965,-14.0625,2,25,1,2803,-1
43,-4.96684,-14.0625,2,25,5,3612.5,-1
43,-1.05947,-14.0625,2,25,5,3869,-1
43,-1.64154,-14,2,25,12,4189,-1
43,-1.20681,-14.125,2,25,10,4230.5,-1
43,-0.587514,-14,2,25,11,4685.5,-1
43,-1.10707,-13.9375,2,25,6,5173,-1
43,-4.36159,-13.9375,2,25,6,5288.5,-1
43,20.0625,-41.6188,-2.0625,64,7,5338,1
43,20.0625,-42.4179,-2.0625,64,7,5477,1
43,-3.10849,-14.0625,2,25,8,7822.5,-1
43,-4.0289,-14.0625,2,25,1,8422.5,-1
43,-1.27144,-13.9375,2,25,16,8991.5,-1
43,-2.1765,-14,2,25,12,9907.5,-1
43,-3.46482,-14,2,25,12,10271.5,-1
43,-2.8143,-13.9375,2,25,2,10637,-1
43,-3.83072,-14,2,25,11,11066.5,-1
43,-1.58019,-14.125,2,25,14,11438,-1
43,-0.870295,-13.875,2,25,13,11641.5,-1
43,-4.39716,-14.0625,2,25,5,12039.5,-1
43,20.0625,-42.6481,-2,64,2,13348.5,1
43,-0.667189,-14,2,25,11,13512.5,-1
43,-2.28753,-14.125,2,25,10,13622,-1
43,-3.37525,-14.0625,2,25,15,13783.5,-1
43,-2.92952,-14.0625,2,25,15,13862,-1
43,-0.81128,-14.125,2,25,14,14066.5,-1
44,-2.08833,-13.9375,2,25,6,429,-1
44,-0.80564,-14.125,2,25,10,844,-1
44,19.9375,-42.5544,-2.0625,64,5,1136,1
44,-1.33592,-14.0625,2,25,5,1428.5,-1
44,-1.57914,-14,2,25,4,1828.5,-1
44,-1.7126,-14,2,25,12,2094,-1
44,-3.64076,-14,2,25,12,2227.5,-1
44,20.125,-41.8285,-1.9375,64,17,3506.5,1
44,-3.25389,-14,2,25,11,4094,-1
44,-1.62285,-13.9375,2,25,16,4168.5,-1
44,-4.6594,-14.0625,2,25,20,4334.5,-1
44,20.0625,-41.8309,-2.0625,64,7,4542.5,1
44,-2.50278,-13.9375,2,25,7,4589.5,-1
44,-2.17337,-14.125,2,25,10,5129,-1
44,-3.43771,-14.0625,2,25,8,5168,-1
44,-3.60136,-13.9375,2,25,6,6554.5,-1
44,-2.25544,-14.0625,2,25,5,6593.5,-1
44,-4.02784,-13.9375,2,25,6,7487.5,-1
44,-1.60402,-14,2,25,3,8389.5,-1
44,-4.68597,-13.875,2,25,17,9033.5,-1
44,19.875,-42.7426,-1.9375,64,14,9423,1
44,-4.48708,-13.875,2,25,17,9505,-1
44,20.0625,-42.3661,-1.875,64,19,9850,1
44,20.0625,-42.0632,-2.125,64,16,10105.5,1
44,-0.648546,-14.0625,2,25,8,11237,-1
44,-3.75162,-14,2,25,0,11634,-1
44,20.0625,-42.4603,-2.125,64,16,12309.5,1
44,-3.10655,-13.875,2,25,9,12734,-1
45,-0.63904,-14.0625,2,25,5,294.5,-1
45,-0.65501,-13.875,2,25,9,830.5,-1
45,-3.78963,-13.9375,2,25,16,2179.5,-1
45,-3.7906,-13.9375,2,25,6,2796,-1
45,-4.66084,-14.125,2,25,10,3321,-1
45,20.0625,-41.4494,-2,64,2,4556.5,1
45,19.9375,-42.7971,-2,64,1,4913,1
45,-2.13999,-14.0625,2,25,15,5605,-1
45,19.9375,-42.623,-2.0625,64,5,5897.5,1
45,19.875,-42.7108,-2,64,10,6453,1
45,-3.25071,-13.9375,2,25,19,7334.5,-1
45,19.875,-41.6787,-2.0625,64,18,8335.5,1
45,19.875,-41.434,-2,64,10,8783,1
45,20.0625,-41.2532,-1.9375,64,6,8882,1
45,-1.45981,-14.0625,2,25,8,10089,-1
45,-0.888662,-14.0625,2,25,15,11215.5,-1
45,-0.526486,-14,2,25,4,11402.5,-1
45,20.125,-42.1306,-2,64,9,12563,1
45,-2.38749,-14.125,2,25,14,13178,-1
45,-2.638,-13.9375,2,25,7,13611.5,-1
45,-4.58429,-14.125,2,25,14,13907.5,-1
46,19.9375,-41.9342,-2.0625,64,5,89,1
46,-3.7435,-13.9375,2,25,2,245.5,-1
46,-4.77658,-13.9375,2,25,2,408.5,-1
46,-1.51341,-13.9375,2,25,2,448,-1
46,-1.22408,-14,2,25,0,655,-1
46,-3.54574,-13.875,2,25,13,2032,-1
46,-2.4037,-13.875,2,25,13,2972.5,-1
46,20,-42.374,-1.875,64,11,3616.5,1
46,-0.638189,-14.125,2,25,18,3891,-1
46,-4.77661,-13.9375,2,25,7,4055,-1
46,-2.5138,-14.0625,2,25,20,4641.5,-1
46,19.9375,-41.7339,-2.0625,64,5,5658.5,1
46,-0.757228,-14.0625,2,25,1,6286.5,-1
46,-4.7863,-14,2,25,11,7348,-1
46,-4.6329,-14.0625,2,25,1,9438,-1
46,-1.1728,-14,2,25,12,10231.5,-1
46,-3.96038,-13.875,2,25,13,10314.5,-1
46,20.0625,-42.2557,-2.125,64,16,11413,1
46,-1.23766,-13.875,2,25,9,11619,-1
46,-2.47928,-13.9375,2,25,16,12676,-1
46,-3.79479,-13.875,2,25,9,13070.5,-1
46,-3.29728,-13.875,2,25,9,13458,-1
46,20,-42.6691,-1.9375,64,4,13890,1
47,-4.44152,-13.9375,2,25,16,41.5,-1
47,20.125,-42.832,-2,64,9,1336.5,1
47,-4.18819,-13.9375,2,25,7,1565.5,-1
47,-3.10692,-14.0625,2,25,5,2075.5,-1
47,-1.16081,-14,2,25,0,2544.5,-1
47,19.9375,-42.4882,-2.125,64,20,3290.5,1
47,-4.08493,-14.125,2,25,14,3381.5,-1
47,-1.52354,-13.875,2,25,9,3423,-1
47,20.0625,-42.39,-2,64,2,4877.5,1
47,-3.0963,-13.875,2,25,13,5799,-1
47,-4.75266,-14,2,25,3,7685,-1
47,-2.30396,-13.9375,2,25,6,7787,-1
47,19.9375,-41.3955,-2.125,64,20,8666.5,1
47,-0.519093,-14.0625,2,25,15,9717.5,-1
47,-2.0399,-14,2,25,3,10536,-1
47,-3.32096,-13.9375,2,25,2,11099.5,-1
47,19.9375,-42.2797,-2.0625,64,5,11261,1
47,-2.95051,-13.9375,2,25,7,11564.5,-1
47,-1.15703,-13.9375,2,25,6,11722.5,-1
47,-1.2919,-14.125,2,25,10,11923.5,-1
47,-0.701807,-14.125,2,25,10,12046,-1
48,-1.54718,-14.0625,2,25,8,971.5,-1
48,-3.87592,-14.0625,2,25,1,1266,-1
48,-4.72869,-14,2,25,3,1304,-1
48,19.9375,-41.9108,-1.9375,64,8,2720,1
48,20.125,-41.8885,-2,64,9,3255,1
48,-2.07052,-13.875,2,25,13,3415.5,-1
48,-1.94303,-14.0625,2,25,8,4122.5,-1
48,-1.69115,-14,2,25,12,4510.5,-1
48,-2.39974,-13.9375,2,25,7,4984,-1
48,-0.851211,-14.0625,2,25,1,5174,-1
48,-0.791884,-13.875,2,25,9,5405.5,-1
48,19.875,-42.3435,-2,64,10,5791,1
48,20,-42.837,-2,64,0,6450,1
48,-3.40062,-14,2,25,11,9073,-1
48,-3.97962,-13.9375,2,25,19,10232,-1
48,-0.673624,-13.9375,2,25,19,10628,-1
48,-1.09874,-14.0625,2,25,1,10963.5,-1
48,-1.12561,-13.9375,2,25,19,12049.5,-1
49,-3.52915,-14.0625,2,25,20,932,-1
49,-1.80452,-13.9375,2,25,6,1239.5,-1
49,-0.363665,-14.0625,2,25,5,2692.5,-1
49,19.9375,-42.5503,-2.0625,64,5,2853.5,1
49,19.875,-42.7683,-2,64,10,4867.5,1
49,-1.18488,-14.0625,2,25,20,5294,-1
49,-3.42358,-14,2,25,3,7621,-1
49,-0.780518,-14.0625,2,25,5,7904,-1
49,-3.95521,-13.875,2,25,13,8436.5,-1
49,20,-41.3924,-2.125,64,12,8605.5,1
49,-3.85578,-14.0625,2,25,15,10071,-1
49,20.0625,-41.8261,-1.875,64,19,10722,1
49,-4.94014,-14.0625,2,25,20,11469,-1
49,-2.28751,-13.875,2,25,17,12200.5,-1
49,-3.88129,-13.9375,2,25,19,12241.5,-1
50,-4.593,-14.125,2,25,10,1057.5,-1
50,-3.26531,-13.9375,2,25,19,1474,-1
50,-2.38389,-13.875,2,25,13,1857,-1
50,-1.29207,-14.125,2,25,10,1933,-1
50,20.0625,-41.4672,-2.125,64,16,2091,1
50,20,-42.5999,-2.125,64,12,2409,1
50,-1.16524,-14,2,25,4,2731,-1
50,-1.4628,-13.9375,2,25,2,3552,-1
50,-3.90373,-14.0625,2,25,1,3668,-1
50,-1.26861,-14.0625,2,25,5,3780.5,-1
50,-1.59629,-14,2,25,3,4267,-1
50,19.875,-42.9226,-2,64,10,4537.5,1
50,20,-41.2803,-2,64,0,5320,1
50,-1.5423,-14,2,25,0,5395.5,-1
50,-2.25814,-14,2,25,11,6356.5,-1
50,-3.01502,-13.875,2,25,13,6603.5,-1
50,-1.91146,-14.0625,2,25,5,6968,-1
50,-4.44166,-13.875,2,25,9,7525.5,-1
50,-0.786386,-14,2,25,4,7830,-1
50,-4.03078,-14.0625,2,25,8,8837.5,-1
50,19.9375,-41.2509,-1.9375,64,8,8966,1
50,-4.00685,-14,2,25,4,9076.5,-1
50,-3.57931,-14.0625,2,25,5,9152,-1
50,-2.63482,-13.875,2,25,13,10569.5,-1
50,-2.11971,-14.125,2,25,14,10611,-1
50,-4.41926,-14.125,2,25,18,10720,-1
50,19.9375,-42.1561,-1.875,64,15,11379.5,1
50,-1.51462,-14,2,25,11,12296,-1
50,-4.4602,-14.0625,2,25,20,12675.5,-1
50,-1.36722,-13.9375,2,25,19,12923,-1
50,-1.56247,-13.9375,2,25,19,13449.5,-1
50,19.9375,-42.4342,-2.125,64,20,13500.5,1
50,19.875,-42.6151,-2.0625,64,18,13560,1
51,-2.89273,-13.9375,2,25,2,630,-1
51,-0.835793,-14,2,25,12,1234,-1
51,-0.815882,-14,2,25,3,1933.5,-1
51,-2.6975,-14.0625,2,25,8,2806.5,-1
51,20.0625,-42.2897,-1.9375,64,6,4585.5,1
51,-1.61164,-14.0625,2,25,1,4755,-1
51,-2.142,-13.875,2,25,9,5431.5,-1
51,20,-42.4803,-1.9375,64,4,5850,1
51,-3.71378,-14,2,25,4,6558.5,-1
51,-4.059,-14,2,25,4,6597.5,-1
51,-3.36721,-14.0625,2,25,1,6847.5,-1
51,20.125,-41.7034,-1.9375,64,17,7641.5,1
51,-3.00502,-13.9375,2,25,16,8454,-1
51,-2.02213,-14,2,25,3,9181.5,-1
51,-4.02506,-13.875,2,25,17,10372,-1
51,-0.747184,-13.875,2,25,13,10993,-1
51,-4.12666,-14.0625,2,25,5,11105,-1
51,-2.08445,-14,2,25,12,12125,-1
51,-1.76722,-14.125,2,25,14,12166.5,-1
51,-1.43086,-13.9375,2,25,7,12731,-1
51,-4.88395,-14.0625,2,25,5,13218,-1
51,-2.78547,-13.9375,2,25,16,14230,-1
51,20.0625,-41.8422,-2.125,64,16,14282,1
52,-1.56096,-14,2,25,4,481,-1
52,20,-41.2723,-1.9375,64,4,759.5,1
52,-3.75509,-14,2,25,12,1329.5,-1
52,-2.61354,-14,2,25,3,1530.5,-1
52,-2.65636,-14,2,25,4,2200,-1
52,19.9375,-42.0319,-1.9375,64,8,4200,1
52,-1.48223,-14.0625,2,25,15,4358.5,-1
52,-1.42438,-14.125,2,25,18,4586.5,-1
52,-4.45375,-14.0625,2,25,1,5022.5,-1
52,-1.29677,-13.9375,2,25,6,5171.5,-1
52,-3.15384,-14,2,25,4,5402,-1
52,20.125,-41.3801,-2,64,9,5586,1
52,-3.89504,-13.875,2,25,9,5741.5,-1
52,20.125,-41.9299,-1.9375,64,17,6500.5,1
52,20,-41.5515,-2.125,64,12,7069.5,1
52,-3.38497,-14,2,25,11,7118.5,-1
52,-4.57855,-14,2,25,4,7197,-1
52,-3.36619,-14.125,2,25,14,7635,-1
52,-4.94642,-14.125,2,25,10,8225.5,-1
52,-4.42937,-14,2,25,4,9195,-1
52,20,-42.7983,-2.0625,64,3,9244,1
52,-0.75176,-13.9375,2,25,2,9660.5,-1
52,-1.00738,-13.9375,2,25,2,9699.5,-1
52,-3.46466,-14,2,25,3,9856.5,-1
52,-1.39109,-14.0625,2,25,1,10410.5,-1
52,-0.834661,-14.125,2,25,18,11124.5,-1
52,-1.95743,-14.125,2,25,18,11359,-1
52,-3.60875,-13.9375,2,25,19,11400,-1
52,-3.58032,-14.125,2,25,10,12974.5,-1
52,-4.09107,-14,2,25,3,13333.5,-1
52,-0.275237,-13.9375,2,25,2,13373,-1
52,-3.29062,-14,2,25,12,13654.5,-1
52,-0.45277,-14.125,2,25,14,13935,-1
52,19.9375,-42.8479,-2.125,64,20,14021.5,1
53,-3.09246,-13.9375,2,25,19,798.5,-1
53,-2.94406,-14.0625,2,25,20,1006.5,-1
53,19.875,-42.2257,-2.0625,64,18,1185,1
53,-0.777369,-14,2,25,11,1439.5,-1
53,-2.39857,-13.9375,2,25,7,1650,-1
53,-1.16037,-14,2,25,4,1914.5,-1
53,-3.48536,-13.9375,2,25,2,3463,-1
53,20.125,-42.0626,-2,64,9,3878.5,1
53,-3.2202,-13.875,2,25,9,4062.5,-1
53,-1.35254,-13.875,2,25,9,4180.5,-1
53,-1.78789,-14.125,2,25,10,4292.5,-1
53,-1.20739,-13.9375,2,25,16,4928,-1
53,-3.35373,-13.875,2,25,17,5002,-1
53,-2.20817,-14.0625,2,25,15,5043.5,-1
53,19.875,-41.538,-1.9375,64,14,5663.5,1
53,-2.69373,-14,2,25,12,7324,-1
53,-4.72888,-13.875,2,25,13,7702.5,-1
53,20.125,-42.216,-1.9375,64,17,8271.5,1
53,-0.821594,-14.0625,2,25,20,8361,-1
53,-1.30437,-14.125,2,25,18,8402.5,-1
53,-1.12586,-13.875,2,25,13,8554,-1
53,20.0625,-41.8066,-2.125,64,16,8886,1
53,-0.194609,-14.0625,2,25,8,9108,-1
53,-1.40655,-13.9375,2,25,16,9261,-1
53,19.875,-42.6738,-2.0625,64,18,9910.5,1
53,19.9375,-41.5617,-1.9375,64,8,10221.5,1
53,19.875,-41.9073,-2.0625,64,18,10700,1
53,-3.95487,-13.875,2,25,17,11228,-1
53,-0.399069,-14,2,25,11,11305,-1
53,-5.05196,-14,2,25,3,11747,-1
53,-2.15801,-14.0625,2,25,1,13644.5,-1
53,-3.15017,-14,2,25,4,13815.5,-1
53,-4.70176,-13.9375,2,25,6,13854.5,-1
54,-3.79154,-14.125,2,25,18,668,-1
54,-3.17946,-14.125,2,25,14,978.5,-1
54,-2.30224,-14,2,25,11,1020,-1
54,-2.96816,-13.875,2,25,17,1526.5,-1
54,-4.61466,-14.0625,2,25,20,1733,-1
54,-4.303,-13.875,2,25,17,1809.5,-1
54,-4.93415,-14.125,2,25,18,2057.5,-1
54,-4.38474,-14.0625,2,25,5,2649,-1
54,-4.73117,-14,2,25,3,3124.5,-1
54,-2.50929,-14.125,2,25,18,4520,-1
54,-2.98556,-14,2,25,11,5664.5,-1
54,-2.08476,-13.875,2,25,13,5831,-1
54,-2.5458,-13.9375,2,25,2,6114,-1
54,-0.322152,-14.0625,2,25,5,7032,-1
54,-4.07213,-14,2,25,11,7278,-1
54,-1.00557,-13.875,2,25,9,8521.5,-1
54,-4.41477,-13.9375,2,25,2,9394,-1
54,-3.7226,-14,2,25,3,9710.5,-1
54,-2.07222,-13.9375,2,25,19,10354,-1
54,20.0625,-41.3806,-1.9375,64,6,11382.5,1
54,19.875,-42.4857,-2,64,10,11440,1
54,-2.5101,-13.9375,2,25,16,11686,-1
54,-3.78989,-13.875,2,25,9,12241.5,-1
54,-2.91849,-13.9375,2,25,7,12658,-1
54,20.125,-42.2365,-2,64,9,12857,1
54,-1.94451,-14.125,2,25,18,13389,-1
54,-4.39845,-13.875,2,25,13,13518.5,-1
55,20,-42.8943,-2,64,0,296,1
55,20,-41.9123,-1.9375,64,4,870.5,1
55,-4.10359,-13.875,2,25,9,1527.5,-1
55,-2.96719,-14.125,2,25,14,3684.5,-1
55,-3.19867,-13.9375,2,25,7,4372,-1
55,-2.33251,-14.0625,2,25,5,4629.5,-1
55,19.9375,-42.5684,-1.9375,64,8,5334,1
55,-2.45831,-13.875,2,25,17,6162.5,-1
55,-1.69974,-13.875,2,25,17,6422,-1
55,-1.3103,-14.125,2,25,18,7268,-1
55,20,-42.0856,-2.125,64,12,9406,1
55,-4.68955,-13.875,2,25,13,9643.5,-1
55,19.875,-42.67,-1.9375,64,14,10464.5,1
55,19.9375,-41.6317,-2,64,1,10918,1
55,-2.40701,-14,2,25,3,11036,-1
55,20.0625,-41.6574,-1.9375,64,6,11298,1
55,-2.25055,-14,2,25,3,11795.5,-1
55,-1.58483,-13.9375,2,25,7,11834.5,-1
55,-2.42298,-13.875,2,25,13,12227.5,-1
55,20,-41.7091,-1.875,64,11,13248.5,1
55,-4.66053,-13.9375,2,25,2,14340,-1
56,-2.66416,-14.125,2,25,10,631.5,-1
56,-3.83944,-14,2,25,11,672.5,-1
56,-1.52022,-13.875,2,25,17,1068.5,-1
56,-3.50776,-13.875,2,25,13,1849.5,-1
56,-2.79592,-13.875,2,25,13,2014,-1
56,-3.30598,-14,2,25,3,2493.5,-1
56,-2.57552,-14.125,2,25,10,2856,-1
56,19.875,-42.0983,-1.9375,64,14,3662.5,1
56,20.0625,-42.3039,-1.875,64,19,3790.5,1
56,-2.29179,-14.125,2,25,18,4690.5,-1
56,19.9375,-42.1642,-2.125,64,20,4779.5,1
56,19.875,-42.632,-2.0625,64,18,4916.5,1
56,-1.70821,-14.125,2,25,14,5128,-1
56,-1.22032,-13.9375,2,25,7,5885.5,-1
56,-4.92762,-14.125,2,25,10,6281.5,-1
56,-4.0751,-14.125,2,25,10,6322.5,-1
56,-3.19057,-14,2,25,11,7263.5,-1
56,-3.54674,-13.875,2,25,13,8294,-1
56,-1.32291,-14,2,25,11,8419.5,-1
56,-3.33149,-14.0625,2,25,8,8507.5,-1
56,19.9375,-42.6499,-1.9375,64,8,8750.5,1
56,-3.77092,-13.875,2,25,13,9306,-1
56,19.9375,-41.6983,-1.875,64,15,9953.5,1
56,-1.772,-13.875,2,25,9,11456,-1
56,-1.19029,-14.125,2,25,14,11898.5,-1
56,-4.71487,-14.0625,2,25,15,11939.5,-1
56,20.0625,-42.521,-2.0625,64,7,12942,1
56,20.0625,-41.8522,-2.0625,64,7,12999.5,1
57,-3.8636,-14,2,25,12,395.5,-1
57,-0.372183,-13.9375,2,25,6,953.5,-1
57,-3.86246,-14.125,2,25,14,1462.5,-1
57,20.125,-42.2132,-1.9375,64,17,1929.5,1
57,-3.12228,-13.9375,2,25,19,2020.5,-1
57,19.9375,-42.4314,-2.0625,64,5,2553,1
57,-3.92362,-14,2,25,12,3188.5,-1
57,-2.7122,-14,2,25,3,3329,-1
57,-4.40548,-14.0625,2,25,5,3407.5,-1
57,-1.83684,-14.0625,2,25,5,3447,-1
57,-4.04441,-13.9375,2,25,16,4004.5,-1
57,20.0625,-41.3828,-2.0625,64,7,5010,1
57,-3.97046,-13.9375,2,25,7,5302,-1
57,-0.962333,-13.9375,2,25,6,5973,-1
57,19.9375,-42.5974,-2.0625,64,5,7263.5,1
57,20,-42.1951,-1.9375,64,4,7320,1
57,-1.10352,-14.0625,2,25,15,8080.5,-1
57,19.9375,-42.0615,-2,64,1,9025,1
57,-0.878792,-13.875,2,25,17,9397,-1
57,20.0625,-42.8276,-2.125,64,16,9848.5,1
57,19.875,-42.9834,-1.9375,64,14,10156,1
57,-0.864656,-13.9375,2,25,2,10962.5,-1
58,-2.50689,-13.875,2,25,13,42,-1
58,-3.51217,-13.9375,2,25,2,1948,-1
58,-2.28346,-13.9375,2,25,7,2740,-1
58,-2.30105,-14.0625,2,25,8,3517.5,-1
58,-2.93879,-14.0625,2,25,1,4695.5,-1
58,-2.00292,-14,2,25,4,5274.5,-1
58,-0.5372,-14.0625,2,25,8,6548,-1
58,20.125,-42.0564,-2,64,9,6597.5,1
58,-1.18476,-14,2,25,3,6814,-1
58,-0.675259,-14.0625,2,25,5,6988,-1
58,-3.09253,-13.9375,2,25,7,7146,-1
58,-2.99318,-14.0625,2,25,8,8959,-1
58,-1.93043,-13.9375,2,25,16,9771,-1
58,-3.74416,-14,2,25,0,10225,-1
58,-0.518185,-13.9375,2,25,2,10263.5,-1
58,-1.06087,-14.0625,2,25,1,10337,-1
58,-4.61725,-14.0625,2,25,1,10830,-1
58,-4.27206,-14,2,25,11,11116.5,-1
58,-1.4619,-14,2,25,4,11266,-1
58,-0.206817,-13.9375,2,25,6,12164,-1
58,-0.524591,-14,2,25,3,12203,-1
58,-2.01799,-14.0625,2,25,1,12327.5,-1
58,-2.34881,-13.9375,2,25,19,12910,-1
58,-3.31565,-14.125,2,25,18,13230,-1
58,20.0625,-41.8182,-2,64,2,13665,1
59,-4.98079,-14.0625,2,25,5,770,-1
59,-1.3888,-13.875,2,25,9,1180.5,-1
59,20.0625,-42.36,-1.9375,64,6,1671,1
59,20,-41.5303,-2,64,0,2142,1
59,-4.79652,-14,2,25,12,2657,-1
59,-0.853777,-13.875,2,25,17,2817.5,-1
59,-4.02405,-13.9375,2,25,19,2858.5,-1
59,-1.70992,-14.0625,2,25,5,4131,-1
59,-3.9631,-14,2,25,0,4751,-1
59,-3.67651,-13.9375,2,25,16,5623.5,-1
59,-3.84913,-13.9375,2,25,19,5822,-1
59,-1.54937,-14.125,2,25,18,5977.5,-1
59,-3.74443,-13.875,2,25,17,6186,-1
59,-2.32129,-14.125,2,25,18,6227,-1
59,-5.05265,-14.125,2,25,18,6484.5,-1
59,-2.09353,-14,2,25,11,6810,-1
59,-2.63732,-13.9375,2,25,7,6919.5,-1
59,-3.26292,-13.9375,2,25,6,8453,-1
59,-3.56327,-14,2,25,4,8732,-1
59,19.9375,-42.3135,-2,64,1,9136.5,1
59,20,-42.9255,-2.0625,64,3,9193,1
59,20.0625,-41.2462,-1.9375,64,6,10831,1
59,-3.47728,-13.9375,2,25,6,11851,-1
59,-2.13414,-13.9375,2,25,2,11992,-1
59,-1.55259,-13.9375,2,25,2,12374,-1
59,-3.43875,-14.125,2,25,14,13711,-1
60,-1.47484,-13.875,2,25,9,111,-1
60,-0.347127,-14,2,25,3,293.5,-1
60,-4.96746,-14.0625,2,25,5,658.5,-1
60,-2.82047,-13.9375,2,25,6,1201,-1
60,20,-42.2072,-1.9375,64,4,1346,1
60,-3.92669,-14,2,25,4,1472,-1
60,-4.71443,-14,2,25,4,1648,-1
60,-2.89031,-13.9375,2,25,2,1797,-1
60,-1.86051,-13.875,2,25,17,2935,-1
60,-0.42699,-14.0625,2,25,8,3125.5,-1
60,-4.54904,-13.9375,2,25,2,3601.5,-1
60,-4.57836,-14.0625,2,25,5,3671.5,-1
60,19.9375,-42.8785,-2.0625,64,5,4093.5,1
60,-4.73821,-14,2,25,0,4140,-1
60,20.0625,-42.5398,-2,64,2,4390.5,1
60,-4.82872,-14.125,2,25,14,5116.5,-1
60,-2.38388,-14,2,25,11,5549.5,-1
60,-3.96769,-14.125,2,25,10,5624,-1
60,20,-41.808,-1.875,64,11,5981,1
60,-3.28895,-14.0625,2,25,5,6137,-1
60,20.0625,-42.3055,-2.125,64,16,7666.5,1
60,-2.80379,-14.125,2,25,18,9225,-1
60,-4.53337,-14,2,25,4,10482.5,-1
60,20,-42.797,-2,64,0,10531.5,1
60,-2.98388,-13.875,2,25,9,10905.5,-1
60,-1.04142,-14,2,25,12,11627.5,-1
60,-4.77209,-13.875,2,25,9,12481,-1
60,-4.46144,-14,2,25,12,12636.5,-1
60,19.9375,-42.1864,-2.0625,64,5,13419.5,1
61,-3.28752,-13.9375,2,25,19,523.5,-1
61,-3.18597,-13.875,2,25,13,564.5,-1
61,-2.22813,-13.875,2,25,9,1128,-1
61,-1.79308,-13.9375,2,25,16,2209.5,-1
61,-3.23253,-14,2,25,4,2730.5,-1
61,-4.72299,-14,2,25,12,2953.5,-1
61,-1.18181,-14.0625,2,25,15,3030,-1
61,-0.600264,-14,2,25,4,4708,-1
61,-3.47834,-13.9375,2,25,2,5206.5,-1
61,-2.95007,-14.0625,2,25,8,5881.5,-1
61,-4.67771,-14,2,25,4,6042.5,-1
61,-4.42418,-13.9375,2,25,19,7058,-1
61,-3.86578,-14.125,2,25,14,7177,-1
61,-2.6244,-13.9375,2,25,16,7578,-1
61,20,-42.0818,-1.9375,64,4,8123,1
61,-3.885,-13.875,2,25,9,9238,-1
61,-1.22363,-14,2,25,11,9356.5,-1
61,-4.79226,-14.0625,2,25,15,9513,-1
61,-0.381139,-14,2,25,3,10607.5,-1
61,-1.36629,-14,2,25,4,10722.5,-1
61,-4.13288,-14,2,25,4,11143,-1
61,-2.81842,-13.875,2,25,17,12564,-1
61,20.0625,-42.2742,-2,64,2,13867.5,1
62,-3.16303,-14.0625,2,25,1,39.5,-1
62,-0.595374,-14,2,25,11,269,-1
62,-0.636065,-14,2,25,4,417.5,-1
62,-3.94779,-14.0625,2,25,15,1640,-1
62,-3.04726,-14.125,2,25,14,1834,-1
62,-2.86746,-14,2,25,0,2075.5,-1
62,-4.67504,-14.125,2,25,10,3258,-1
62,-0.577297,-14.125,2,25,14,3382.5,-1
62,20,-42.573,-2.125,64,12,3832.5,1
62,-1.4509,-14.0625,2,25,8,5074,-1
62,-4.03544,-13.9375,2,25,19,6040,-1
62,-1.83251,-13.9375,2,25,7,7037,-1
62,-4.07868,-14,2,25,3,7543,-1
62,-2.47288,-14.0625,2,25,8,8193,-1
62,20.125,-41.8473,-2,64,9,8343.5,1
62,20,-42.4627,-1.875,64,11,8450,1
62,-0.808012,-13.875,2,25,13,8670.5,-1
62,-3.10416,-14,2,25,12,9650.5,-1
62,-2.84489,-13.9375,2,25,19,9893,-1
62,-3.97842,-14.0625,2,25,8,9975,-1
62,20.0625,-42.6351,-2,64,2,10300.5,1
62,-2.87239,-14.0625,2,25,5,11534.5,-1
62,-4.2621,-13.9375,2,25,16,12022.5,-1
62,-2.30061,-14.125,2,25,10,13495,-1
62,-1.06456,-14,2,25,4,13566.5,-1
63,-2.1214,-13.9375,2,25,2,84.5,-1
63,19.9375,-42.6926,-1.875,64,15,628.5,1
63,-0.80306,-13.9375,2,25,16,781.5,-1
63,20.125,-42.3508,-2.0625,64,13,1710,1
63,-3.53336,-13.9375,2,25,6,1988,-1
63,20.0625,-42.4995,-2.125,64,16,2601.5,1
63,-0.965349,-13.875,2,25,9,5059.5,-1
63,-3.12629,-14.0625,2,25,8,5100.5,-1
63,-1.13157,-14,2,25,11,5226,-1
63,-2.85691,-14,2,25,4,8064.5,-1
63,-4.34304,-14.125,2,25,18,9007.5,-1
63,-2.07673,-14.125,2,25,18,9609.5,-1
63,-0.688652,-14.125,2,25,14,10477.5,-1
63,-4.67418,-14.0625,2,25,1,10776,-1
63,19.9375,-42.7246,-2.0625,64,5,10943.5,1
63,19.9375,-41.6594,-2,64,1,11333,1
63,-3.09197,-14,2,25,4,11655,-1
63,-1.9803,-14,2,25,4,12166.5,-1
63,20,-41.9532,-1.9375,64,4,12215,1
63,-4.68791,-14.0625,2,25,1,12513.5,-1
63,-0.684977,-13.9375,2,25,6,13264,-1
63,-1.39,-13.875,2,25,17,13888,-1
63,19.9375,-42.0779,-2.125,64,20,13939.5,1
64,-4.33735,-14.0625,2,25,1,1360,-1
64,-4.03182,-13.875,2,25,9,2096,-1
64,-3.41919,-13.9375,2,25,16,2184.5,-1
64,-3.70125,-13.9375,2,25,19,2226,-1
64,-3.67173,-13.875,2,25,13,2820,-1
64,-3.78504,-13.9375,2,25,16,2983,-1
64,-0.746233,-14.125,2,25,10,3517.5,-1
64,-2.60118,-14.125,2,25,10,3642,-1
64,-2.43245,-14,2,25,4,3874,-1
64,-0.258138,-13.9375,2,25,6,4059.5,-1
64,-2.73839,-14.125,2,25,18,4562,-1
64,-3.99938,-13.9375,2,25,7,4734,-1
64,-2.53709,-14,2,25,3,4952,-1
64,-0.376971,-13.9375,2,25,2,5031,-1
64,-0.465141,-13.9375,2,25,6,5187.5,-1
64,-2.29562,-14.0625,2,25,8,5264.5,-1
64,19.875,-42.7612,-2,64,10,6116.5,1
64,-3.22803,-14.125,2,25,14,6312,-1
64,-1.45567,-13.875,2,25,13,6587.5,-1
64,-0.643686,-14.0625,2,25,5,7667,-1
64,-3.04754,-13.9375,2,25,6,8400,-1
64,-2.80659,-14,2,25,3,9706,-1
64,-4.65074,-13.9375,2,25,16,10781,-1
64,-2.60146,-14,2,25,12,12651,-1
65,-4.98355,-13.875,2,25,9,3275,-1
65,-3.70936,-13.875,2,25,9,3393,-1
65,19.875,-41.8646,-2,64,10,4140.5,1
65,19.875,-42.1358,-2,64,10,4307.5,1
65,-2.03902,-14.0625,2,25,1,5214,-1
65,20,-41.3252,-1.9375,64,4,7064.5,1
65,-2.89523,-14.0625,2,25,15,8868.5,-1
65,-0.891585,-14.125,2,25,10,9589.5,-1
65,20.0625,-41.7383,-1.9375,64,6,9944.5,1
65,-0.781736,-13.9375,2,25,16,10328.5,-1
65,20,-41.8761,-2.125,64,12,10428,1
65,-2.73212,-14.125,2,25,14,10477,-1
65,-3.70258,-13.9375,2,25,16,10733,-1
65,-1.1949,-13.875,2,25,13,11476,-1
65,19.9375,-42.7849,-2,64,1,12485.5,1
65,-2.17284,-14.0625,2,25,8,12769.5,-1
65,-2.98031,-13.9375,2,25,6,12938,-1
65,19.9375,-42.1461,-2.0625,64,5,13061,1
65,-4.26478,-13.875,2,25,9,13277.5,-1
65,-2.91476,-13.9375,2,25,6,13468.5,-1
65,-1.61753,-14,2,25,3,13507.5,-1
65,20,-42.7013,-1.875,64,11,13784.5,1
66,20.125,-42.1813,-1.9375,64,17,311,1
66,19.875,-41.9813,-1.9375,64,14,846.5,1
66,-2.74793,-14,2,25,3,1442.5,-1
66,-4.21903,-14,2,25,3,1752.5,-1
66,-0.593263,-13.875,2,25,9,2213,-1
66,-0.584923,-13.9375,2,25,19,3273.5,-1
66,20.125,-42.28,-2,64,9,3637.5,1
66,-1.77501,-13.875,2,25,13,4155,-1
66,19.875,-42.6756,-2,64,10,4409.5,1
66,20.125,-42.4219,-2,64,9,5101.5,1
66,-0.876532,-14,2,25,12,5151,-1
66,20.0625,-42.0929,-2,64,2,5989.5,1
66,-4.61572,-14,2,25,4,6075.5,-1
66,-1.71549,-14.0625,2,25,5,6275.5,-1
66,19.9375,-41.2488,-2.0625,64,5,6445.5,1
66,-2.0394,-14.125,2,25,14,6563,-1
66,-4.86512,-14.0625,2,25,8,7038,-1
66,-2.99557,-13.875,2,25,13,7120,-1
66,19.875,-41.8858,-2.0625,64,18,9778,1
66,-1.40982,-14.125,2,25,14,10009,-1
66,-3.36764,-13.9375,2,25,7,10122.5,-1
66,-4.56049,-13.875,2,25,13,10347.5,-1
66,-4.66415,-14,2,25,4,11123.5,-1
66,20.0625,-41.9646,-2.125,64,16,11422,1
66,-0.959445,-14,2,25,3,11843.5,-1
66,20,-42.5361,-2.125,64,12,12419,1
66,-0.785773,-13.9375,2,25,19,12837.5,-1
66,-2.07635,-14,2,25,4,13191.5,-1
66,-2.91554,-13.9375,2,25,2,13392,-1
66,-0.819068,-14,2,25,4,13471,-1
67,-5.07204,-14.0625,2,25,20,42,-1
67,-3.0996,-13.875,2,25,13,274.5,-1
67,-2.62167,-14.125,2,25,10,1028.5,-1
67,20.0625,-41.5424,-1.875,64,19,2158.5,1
67,-4.30947,-14,2,25,12,3664,-1
67,-2.75906,-14.125,2,25,10,3780,-1
67,-4.36142,-13.9375,2,25,6,4282.5,-1
67,20,-41.4252,-2.0625,64,3,4734,1
67,-1.80607,-14,2,25,3,6096,-1
67,19.9375,-41.9871,-2,64,1,6145,1
67,-1.76053,-14.0625,2,25,8,6613,-1
67,20,-42.8075,-1.9375,64,4,6693,1
67,20,-42.4447,-1.9375,64,4,7876,1
67,-4.21662,-13.9375,2,25,16,8694,-1
67,19.9375,-41.7329,-1.875,64,15,8823,1
67,-3.63706,-13.9375,2,25,19,9118.5,-1
67,-2.77226,-14.0625,2,25,15,9555,-1
67,-1.85366,-14.0625,2,25,20,9868.5,-1
67,-0.980028,-14.125,2,25,18,10467.5,-1
67,-4.44378,-14.0625,2,25,20,10550.5,-1
67,-1.07056,-14,2,25,3,11513.5,-1
67,20,-41.2468,-2.0625,64,3,11706.5,1
67,-1.93538,-14,2,25,4,12192.5,-1
67,-2.2862,-13.9375,2,25,6,13261.5,-1
67,20,-42.763,-1.9375,64,4,13422,1
67,-3.17106,-14,2,25,4,13468.5,-1
67,-0.552815,-13.9375,2,25,2,13630,-1
67,19.9375,-42.4538,-2.125,64,20,13865,1
67,-3.65829,-14.0625,2,25,15,13992,-1
67,-3.77953,-13.9375,2,25,19,14110.5,-1
68,20.125,-41.6337,-2,64,9,258.5,1
68,-4.93542,-14,2,25,3,828.5,-1
68,-4.85704,-14,2,25,3,1191,-1
68,19.875,-42.8119,-2.0625,64,18,4334,1
68,-1.67527,-13.9375,2,25,16,4453.5,-1
68,-3.43717,-13.9375,2,25,19,5341.5,-1
68,-2.47488,-13.875,2,25,17,5774.5,-1
68,19.875,-41.4876,-2.0625,64,18,5947,1
68,20.0625,-42.9193,-2.0625,64,7,7683.5,1
68,-3.71783,-14,2,25,4,7804,-1
68,-0.575772,-13.9375,2,25,7,7920,-1
68,-1.3172,-14.0625,2,25,8,8261,-1
68,-2.87985,-13.9375,2,25,7,8412,-1
68,-4.60763,-13.9375,2,25,7,8451,-1
68,20.125,-42.3715,-2.0625,64,13,9118,1
68,20.0625,-42.1061,-2,64,2,9476.5,1
68,-3.58196,-14.0625,2,25,8,10093,-1
68,-4.22376,-14,2,25,3,10958,-1
68,-4.90212,-14,2,25,4,11486.5,-1
68,-3.21161,-13.9375,2,25,6,11667,-1
68,-3.44656,-13.9375,2,25,16,11868.5,-1
68,-4.8008,-13.875,2,25,9,12400.5,-1
68,-3.60309,-13.9375,2,25,19,12842,-1
68,-2.37681,-14,2,25,3,13774,-1
68,19.9375,-42.1156,-2.0625,64,5,14372,1
69,-1.42528,-13.9375,2,25,2,76,-1
69,20,-41.856,-2,64,0,158,1
69,-0.325026,-13.9375,2,25,7,1393,-1
69,20.0625,-41.7303,-1.9375,64,6,1926,1
69,-4.31956,-13.875,2,25,13,2741,-1
69,19.9375,-42.5775,-1.875,64,15,2793,1
69,-2.41062,-14.0625,2,25,20,2913.5,-1
69,-3.67694,-14.0625,2,25,15,3108.5,-1
69,-0.734563,-14,2,25,11,4374,-1
69,-2.06772,-14.125,2,25,10,5412,-1
69,-4.41136,-13.9375,2,25,6,6335,-1
69,-4.84212,-13.9375,2,25,16,6946,-1
69,19.9375,-41.7102,-1.875,64,15,7245.5,1
69,-3.90217,-14,2,25,4,7810,-1
69,-4.68498,-13.9375,2,25,19,8702,-1
69,-4.74906,-14,2,25,12,9748.5,-1
69,-1.71186,-14.125,2,25,18,9870.5,-1
69,-3.9602,-14.0625,2,25,15,10027,-1
69,-4.18285,-13.875,2,25,17,10179,-1
69,-1.37555,-14,2,25,12,11380.5,-1
69,-1.5758,-13.9375,2,25,7,11542.5,-1
69,19.875,-41.6827,-2.0625,64,18,11901.5,1
69,-4.02577,-14,2,25,12,12020.5,-1
69,-4.60113,-14,2,25,3,12702,-1
69,20.0625,-41.766,-1.9375,64,6,12880,1
69,-1.19848,-13.875,2,25,9,13597,-1
69,20,-42.6213,-1.875,64,11,13683.5,1
70,-1.39928,-14.125,2,25,18,179,-1
70,-0.67705,-13.9375,2,25,19,220.5,-1
70,-2.73234,-14.125,2,25,14,261.5,-1
70,-3.4891,-13.9375,2,25,2,744.5,-1
70,-4.01805,-14,2,25,3,991,-1
70,-3.13013,-13.9375,2,25,6,1183,-1
70,-4.41944,-13.9375,2,25,2,1838.5,-1
70,-1.51128,-13.9375,2,25,2,1878,-1
70,-4.12731,-14,2,25,12,2810.5,-1
70,20.0625,-41.3103,-2,64,2,4287.5,1
70,20.0625,-42.5622,-1.9375,64,6,4504,1
70,19.9375,-42.6625,-2,64,1,5139.5,1
70,20,-42.3203,-1.9375,64,4,5311.5,1
70,20.0625,-41.5788,-2.0625,64,7,6587.5,1
70,-3.07213,-13.9375,2,25,7,7154.5,-1
70,-0.929722,-13.9375,2,25,2,7372.5,-1
70,19.9375,-41.7738,-1.875,64,15,8048.5,1
70,-2.14807,-14.125,2,25,10,8592,-1
70,-1.08312,-14.125,2,25,14,8924,-1
70,-3.49633,-14.0625,2,25,8,9242,-1
70,-4.4361,-14.125,2,25,14,10521.5,-1
70,-1.28809,-14.125,2,25,18,10857.5,-1
70,20.0625,-42.0405,-1.875,64,19,12377,1
70,-1.71069,-13.9375,2,25,19,12426,-1
71,19.875,-42.5584,-2,64,10,426,1
71,20,-42.1953,-2,64,0,976,1
71,20,-42.4304,-1.9375,64,4,1141,1
71,-4.49517,-14,2,25,4,1576.5,-1
71,19.875,-41.873,-1.9375,64,14,2348,1
71,-3.44321,-14.125,2,25,18,3175.5,-1
71,-1.72621,-14.125,2,25,18,3545.5,-1
71,19.9375,-41.4699,-1.9375,64,8,4280,1
71,-1.17992,-13.875,2,25,9,4681.5,-1
71,-2.55433,-14.0625,2,25,1,4891,-1
71,-1.5349,-13.9375,2,25,2,5016.5,-1
71,-4.24017,-13.9375,2,25,2,5054.5,-1
71,19.9375,-42.9424,-2,64,1,5211.5,1
71,20.125,-42.9618,-1.9375,64,17,6269.5,1
71,-4.92418,-13.9375,2,25,7,7207.5,-1
71,20.125,-41.7006,-1.9375,64,17,7329,1
71,19.875,-42.9357,-2,64,10,7611.5,1
71,-4.70515,-14,2,25,12,7660.5,-1
71,-4.22691,-14.125,2,25,10,7857.5,-1
71,20.0625,-42.1718,-1.9375,64,6,8190.5,1
71,20.125,-42.3299,-2,64,9,8483,1
71,-5.04699,-13.875,2,25,13,9602,-1
71,-1.35227,-14,2,25,3,13340,-1
71,20.0625,-42.2577,-1.875,64,19,14077.5,1
71,19.9375,-42.1041,-1.875,64,15,14214.5,1
72,-4.69659,-13.875,2,25,17,229.5,-1
72,20,-41.942,-1.875,64,11,1691.5,1
72,20,-41.613,-1.875,64,11,1869.5,1
72,-3.48229,-14.125,2,25,10,1918,-1
72,20.0625,-42.9374,-2.125,64,16,2634.5,1
72,-3.13362,-14,2,25,3,3074,-1
72,20,-42.5997,-1.9375,64,4,4475,1
72,-2.28979,-13.9375,2,25,7,5490.5,-1
72,20.0625,-42.119,-2.125,64,16,7140,1
72,-3.85273,-13.9375,2,25,19,8686,-1
72,-3.09634,-13.9375,2,25,6,9869.5,-1
72,-0.463296,-13.9375,2,25,2,10082.5,-1
72,-3.92022,-13.875,2,25,9,10871.5,-1
72,19.9375,-42.4951,-1.875,64,15,11067.5,1
72,-2.51273,-14.125,2,25,10,11781,-1
72,20,-41.6231,-1.9375,64,4,12666,1
73,-3.22599,-14,2,25,4,2992.5,-1
73,-2.21377,-14,2,25,4,3031.5,-1
73,-2.60847,-14.125,2,25,14,3692.5,-1
73,19.875,-42.7553,-2,64,10,4254,1
73,-4.82832,-14.0625,2,25,8,4999.5,-1
73,-3.19459,-14.0625,2,25,1,5332,-1
73,-3.45871,-13.9375,2,25,2,5478.5,-1
73,-2.59404,-13.875,2,25,9,5743,-1
73,-3.61933,-14.0625,2,25,1,6439.5,-1
73,20.0625,-42.2988,-1.9375,64,6,6668.5,1
73,-2.87394,-14.0625,2,25,20,8684.5,-1
73,-0.697889,-14.0625,2,25,15,8758.5,-1
73,20.0625,-41.6652,-2,64,2,9636,1
73,-0.744616,-13.9375,2,25,16,10520,-1
73,-4.81243,-13.9375,2,25,19,11036,-1
73,-1.25899,-14,2,25,0,11952.5,-1
73,-1.86985,-14.0625,2,25,1,11990.5,-1
73,20,-42.143,-2.0625,64,3,12115,1
73,-1.65934,-13.9375,2,25,7,12562,-1
73,-2.94556,-14.0625,2,25,20,13660,-1
73,-3.25915,-14,2,25,12,13934,-1
74,-4.28567,-13.9375,2,25,16,313.5,-1
74,-1.85176,-14,2,25,12,703.5,-1
74,-3.99882,-13.9375,2,25,7,1013.5,-1
74,-3.97569,-13.9375,2,25,2,1158.5,-1
74,-4.13687,-14.0625,2,25,1,1274.5,-1
74,-1.21796,-14,2,25,11,1479.5,-1
74,-4.75137,-13.875,2,25,17,2198.5,-1
74,20.125,-42.9408,-2,64,9,5145,1
74,20.0625,-41.8721,-1.875,64,19,5801.5,1
74,-4.6392,-14.125,2,25,10,6333,-1
74,20.0625,-42.2568,-1.9375,64,6,6617.5,1
74,20,-41.7872,-2.0625,64,3,8513,1
74,20.0625,-42.838,-2,64,2,8645.5,1
74,-3.85286,-14.0625,2,25,5,8772.5,-1
74,-3.68269,-13.9375,2,25,2,9079.5,-1
74,-3.53517,-13.9375,2,25,7,9729.5,-1
74,-0.719475,-13.9375,2,25,6,10013,-1
74,-0.925805,-14,2,25,4,10304,-1
74,20.0625,-41.9204,-2,64,2,12462,1
74,-0.812559,-14.0625,2,25,5,13237.5,-1
74,-4.36691,-14,2,25,12,14127,-1
75,-3.63455,-14.0625,2,25,15,907,-1
75,-3.51269,-14.125,2,25,14,1105,-1
75,-1.84097,-14.125,2,25,18,1406,-1
75,19.9375,-42.3856,-1.9375,64,8,1637,1
75,-1.1122,-14.0625,2,25,20,3486.5,-1
75,19.9375,-41.5293,-2,64,1,5175,1
75,-3.74756,-14.0625,2,25,5,6183.5,-1
75,-4.98413,-13.9375,2,25,2,6279,-1
75,-3.98667,-14.0625,2,25,5,6675.5,-1
75,20,-41.81,-1.9375,64,4,7051.5,1
75,-2.99033,-14,2,25,4,7138,-1
75,-1.38263,-13.9375,2,25,2,7383.5,-1
75,-1.03968,-13.9375,2,25,7,8029.5,-1
75,-0.927022,-13.9375,2,25,16,8401,-1
75,-2.97742,-13.9375,2,25,16,8483.5,-1
75,-4.62101,-14.0625,2,25,1,9775.5,-1
75,-0.764078,-13.9375,2,25,19,10246.5,-1
75,20.0625,-41.5187,-2.0625,64,7,10768,1
75,-3.24799,-14.0625,2,25,1,10854,-1
75,-3.77227,-13.9375,2,25,6,11151.5,-1
75,20.0625,-41.2702,-2.0625,64,7,11487,1
75,20.0625,-42.1315,-2.125,64,16,12108,1
75,20,-41.4337,-1.875,64,11,12628.5,1
75,-3.44419,-13.9375,2,25,6,13259,-1
75,-3.93231,-14.125,2,25,18,14156,-1
76,-3.23191,-14,2,25,4,3156,-1
76,-2.37952,-14.0625,2,25,5,3856,-1
76,19.9375,-41.4544,-2.0625,64,5,4331,1
76,-3.38872,-14,2,25,0,5740.5,-1
76,20.0625,-41.6941,-2,64,2,6283,1
76,20.0625,-42.8249,-2.0625,64,7,6961,1
76,-0.755212,-13.875,2,25,13,7391,-1
76,-1.48272,-14.0625,2,25,8,8963,-1
76,20,-41.9874,-2.0625,64,3,9960.5,1
76,-4.02104,-14,2,25,4,10091,-1
76,19.875,-42.1217,-1.9375,64,14,10209.5,1
76,-3.20299,-14,2,25,12,10498.5,-1
76,20,-42.3339,-2.125,64,12,10734,1
76,-1.52456,-13.9375,2,25,7,11307,-1
76,-4.9918,-14.0625,2,25,5,12273,-1
76,-3.47041,-14.0625,2,25,5,12312,-1
76,-1.06138,-13.9375,2,25,2,12427.5,-1
76,20.0625,-42.506,-1.9375,64,6,13822.5,1
77,20,-42.954,-1.875,64,11,403,1
77,-2.05284,-14.125,2,25,14,642.5,-1
77,-3.75591,-13.875,2,25,9,784,-1
77,-3.30921,-14.125,2,25,18,1526,-1
77,-0.975303,-14.0625,2,25,15,2563,-1
77,-3.64353,-14.125,2,25,10,3510,-1
77,-3.66467,-13.9375,2,25,2,5147.5,-1
77,-4.82338,-14.125,2,25,18,6102,-1
77,-4.00991,-13.875,2,25,17,6531.5,-1
77,-5.01967,-13.9375,2,25,7,6856,-1
77,-4.0167,-14.0625,2,25,1,8676,-1
77,-0.608152,-14.0625,2,25,1,8715,-1
77,-1.41889,-14.0625,2,25,1,9521.5,-1
77,-2.33293,-14,2,25,11,10322.5,-1
77,20.125,-42.6915,-1.9375,64,17,11005,1
77,19.875,-42.4941,-2.0625,64,18,11142,1
77,-0.949005,-14,2,25,11,12426,-1
77,-1.54308,-14.125,2,25,10,12743.5,-1
77,-0.82114,-14,2,25,11,13906,-1
77,-2.2955,-14.0625,2,25,20,14049,-1
77,-4.43092,-14.0625,2,25,20,14173.5,-1
78,-1.92988,-14.125,2,25,14,193,-1
78,-4.39682,-14.0625,2,25,15,653.5,-1
78,-2.20705,-13.875,2,25,17,1076,-1
78,-2.37815,-13.9375,2,25,19,1159.5,-1
78,20,-42.4684,-2.125,64,12,1843.5,1
78,-3.67775,-14.125,2,25,10,1927.5,-1
78,-3.22831,-13.875,2,25,17,2314.5,-1
78,-0.916946,-14,2,25,11,2471.5,-1
78,-0.419344,-14.125,2,25,14,2806,-1
78,-0.680878,-13.9375,2,25,19,3348,-1
78,-4.80964,-14.0625,2,25,15,3608,-1
78,20.0625,-41.8058,-2.0625,64,7,3844,1
78,-2.9007,-14.125,2,25,10,3974,-1
78,-3.5944,-14.0625,2,25,15,4152.5,-1
78,20.125,-42.4851,-1.9375,64,17,5148.5,1
78,-1.39276,-13.9375,2,25,7,6808.5,-1
78,19.9375,-42.3669,-2,64,1,7387,1
78,-3.06392,-14.0625,2,25,20,8018.5,-1
78,-3.45293,-14.125,2,25,18,8134,-1
78,19.9375,-41.9634,-2.125,64,20,8410.5,1
78,20,-41.7019,-1.875,64,11,9307,1
78,-3.64887,-13.9375,2,25,19,9982.5,-1
78,-4.44565,-14.125,2,25,18,10099,-1
78,-2.31805,-14,2,25,0,11959,-1
78,-4.8522,-13.9375,2,25,2,12558.5,-1
78,-2.54843,-14,2,25,0,12634,-1
78,-0.746126,-14,2,25,3,13257.5,-1
78,-1.54028,-13.9375,2,25,2,13296.5,-1
78,-1.13269,-13.9375,2,25,7,13564.5,-1
78,-3.01683,-13.875,2,25,13,13674.5,-1
78,20,-42.9507,-2,64,0,14069.5,1
79,-3.49164,-13.9375,2,25,7,290.5,-1
79,19.875,-42.7706,-1.9375,64,14,448.5,1
79,20,-41.8084,-1.875,64,11,737,1
79,20.0625,-41.659,-2,64,2,2277.5,1
79,-3.2312,-14.0625,2,25,1,2701.5,-1
79,20.0625,-41.9907,-2,64,2,3235.5,1
79,-1.42331,-13.9375,2,25,2,3282,-1
79,-2.58183,-13.875,2,25,17,3841,-1
79,20,-42.8047,-2.125,64,12,4357.5,1
79,-3.56765,-14,2,25,3,4547,-1
79,20.0625,-41.534,-2.125,64,16,4921,1
79,19.9375,-42.2449,-1.875,64,15,5964,1
79,19.875,-42.8203,-2.0625,64,18,6133.5,1
79,-4.72881,-14.0625,2,25,15,6455,-1
79,-0.59183,-13.875,2,25,17,6812.5,-1
79,20.0625,-41.4713,-2.125,64,16,7476,1
79,-4.66033,-13.9375,2,25,16,7524.5,-1
79,20,-42.8772,-1.9375,64,4,8887.5,1
79,-4.76149,-14,2,25,3,10418,-1
79,-2.81052,-14,2,25,3,11470.5,-1
79,19.9375,-42.147,-1.9375,64,8,11519.5,1
79,-2.17815,-13.9375,2,25,19,12114.5,-1
79,-2.50475,-13.875,2,25,9,12915,-1
79,20,-41.5714,-1.875,64,11,13071,1
79,20,-41.8324,-2.125,64,12,13275.5,1
79,-1.24591,-14,2,25,0,13728,-1
79,-1.48541,-14.0625,2,25,1,13766,-1
80,20,-42.1757,-1.875,64,11,49.5,1
80,-2.18423,-13.9375,2,25,2,501,-1
80,-3.80201,-13.9375,2,25,6,540,-1
80,19.9375,-41.5385,-2.0625,64,5,1060.5,1
80,-0.641157,-14.0625,2,25,1,1251.5,-1
80,19.9375,-42.5,-1.9375,64,8,1890.5,1
80,-3.61285,-13.875,2,25,9,2973,-1
80,-1.41571,-14,2,25,11,4339,-1
80,-4.06098,-13.875,2,25,17,5170,-1
80,-1.09625,-13.875,2,25,17,5211,-1
80,-2.14088,-14,2,25,0,5626.5,-1
80,19.9375,-42.0046,-2.0625,64,5,5806,1
80,-3.20803,-14.0625,2,25,1,5852.5,-1
80,20.0625,-42.8905,-1.9375,64,6,6051.5,1
80,-3.95576,-13.9375,2,25,6,6210.5,-1
80,-0.252576,-14,2,25,0,8373.5,-1
80,-2.51139,-14.0625,2,25,1,8907,-1
80,-2.43433,-13.9375,2,25,6,9417,-1
80,-2.57874,-14,2,25,12,9574.5,-1
80,-1.95528,-13.9375,2,25,16,10064,-1
80,-1.44555,-14.125,2,25,18,10402.5,-1
80,-1.60715,-13.9375,2,25,19,10743,-1
80,-2.2702,-13.875,2,25,13,11123.5,-1
80,-3.91641,-13.875,2,25,17,11164.5,-1
80,-2.12836,-14.0625,2,25,15,11371,-1
80,-3.34554,-13.9375,2,25,6,12507.5,-1
80,-2.89758,-14.125,2,25,14,12810,-1
81,-1.93942,-13.9375,2,25,6,760,-1
81,-0.9625,-13.875,2,25,9,906.5,-1
81,-1.05912,-14,2,25,11,1465.5,-1
81,-1.15159,-14.125,2,25,10,1801,-1
81,-2.92979,-14,2,25,3,2317,-1
81,19.9375,-42.1868,-1.9375,64,8,3399.5,1
81,-1.25877,-14.125,2,25,10,3697.5,-1
81,-3.06229,-13.875,2,25,9,3738,-1
81,-1.14257,-14,2,25,11,3780,-1
81,-3.47784,-14,2,25,12,3821,-1
81,-0.399485,-13.9375,2,25,7,4130.5,-1
81,-0.942701,-14.0625,2,25,5,4289,-1
81,20.0625,-42.7105,-1.9375,64,6,4663.5,1
81,-1.01477,-13.9375,2,25,16,4967,-1
81,19.9375,-42.6137,-2.125,64,20,5018,1
81,-2.64902,-14,2,25,12,5496.5,-1
81,20.125,-42.408,-2.0625,64,13,6163,1
81,-0.478676,-14,2,25,3,6503.5,-1
81,-1.54375,-14.125,2,25,10,6614.5,-1
81,-0.974987,-14,2,25,11,6905,-1
81,19.875,-41.8727,-2.0625,64,18,8144,1
81,-3.14767,-13.875,2,25,17,8536.5,-1
81,-2.13768,-13.875,2,25,13,9116,-1
81,-1.3204,-14.0625,2,25,8,9400,-1
81,20.125,-41.9865,-2,64,9,11000.5,1
81,-2.62574,-13.9375,2,25,6,11742,-1
81,20,-41.4374,-1.9375,64,4,11940,1
82,-4.62332,-13.875,2,25,9,469,-1
82,-1.5439,-13.9375,2,25,6,743,-1
82,-4.73845,-14,2,25,4,1612.5,-1
82,-4.81703,-13.9375,2,25,2,2845.5,-1
82,-0.575754,-14,2,25,3,3593.5,-1
82,-0.164199,-14.0625,2,25,8,4038.5,-1
82,20.125,-42.6879,-1.9375,64,17,4748,1
82,-4.37403,-14,2,25,11,4923.5,-1
82,-1.41126,-14.0625,2,25,15,6050.5,-1
82,19.9375,-42.8137,-1.9375,64,8,6375.5,1
82,-1.66285,-14.0625,2,25,20,6528.5,-1
82,19.9375,-41.9724,-2.125,64,20,6772,1
82,-4.19042,-13.875,2,25,17,8885,-1
82,20.125,-42.1879,-1.9375,64,17,9213,1
82,-4.45597,-14,2,25,11,9793.5,-1
82,-0.406942,-13.9375,2,25,2,11446,-1
82,-1.81478,-13.9375,2,25,19,12571.5,-1
82,-4.18287,-13.875,2,25,17,13113.5,-1
82,-3.56134,-14.0625,2,25,20,13247.5,-1
82,-2.87059,-14,2,25,12,13496.5,-1
82,-1.85838,-13.9375,2,25,6,13568.5,-1
83,-4.19126,-13.9375,2,25,19,126.5,-1
83,20,-42.4329,-2,64,0,773,1
83,-0.667382,-14.0625,2,25,1,818,-1
83,-1.82881,-13.9375,2,25,16,1342.5,-1
83,-3.08314,-14.0625,2,25,1,1992.5,-1
83,-4.69613,-14.0625,2,25,1,2565,-1
83,20.0625,-42.5725,-2.0625,64,7,2754,1
83,20,-42.309,-1.875,64,11,3032,1
83,20.0625,-41.709,-2.0625,64,7,3283.5,1
83,-3.29311,-14.0625,2,25,15,5220,-1
83,20.125,-42.8876,-2.0625,64,13,5390.5,1
83,20,-41.7262,-2.0625,64,3,5889,1
83,-1.79005,-13.875,2,25,9,6376,-1
83,-1.45176,-13.875,2,25,17,7474,-1
83,-1.89929,-13.875,2,25,13,7590,-1
83,-2.722,-14.0625,2,25,8,9011.5,-1
83,-2.6582,-13.9375,2,25,7,9051,-1
83,19.9375,-41.9834,-1.9375,64,8,9173,1
83,19.875,-42.2067,-2,64,10,9298.5,1
83,-2.94446,-14.0625,2,25,5,9522,-1
83,-4.36531,-14.0625,2,25,8,10200.5,-1
83,-4.94603,-13.875,2,25,13,10820,-1
83,-3.27431,-13.875,2,25,9,11146.5,-1
83,20.125,-41.5159,-2,64,9,11946.5,1
83,-0.404651,-14,2,25,3,12172.5,-1
83,-1.0072,-14.0625,2,25,8,12641.5,-1
83,-1.38412,-14.0625,2,25,8,12945.5,-1
84,-1.38601,-14.125,2,25,18,384.5,-1
84,-2.99472,-13.9375,2,25,16,458.5,-1
84,-2.80828,-14.125,2,25,18,1578,-1
84,20.125,-42.1047,-1.9375,64,17,1961,1
84,-3.26981,-14.0625,2,25,8,2962.5,-1
84,-4.71995,-14,2,25,0,3064.5,-1
84,19.875,-42.3619,-2.0625,64,18,5613.5,1
84,20.0625,-41.5855,-2.125,64,16,6471,1
84,20.0625,-42.1168,-2.125,64,16,7051,1
84,-2.23111,-13.875,2,25,13,7301,-1
84,20,-42.0858,-2.125,64,12,7804.5,1
84,20,-41.7557,-1.9375,64,4,8432.5,1
84,-4.87652,-14.0625,2,25,20,10095,-1
84,-3.10966,-14.125,2,25,18,10220,-1
84,-1.32752,-13.875,2,25,13,10460,-1
84,-2.70209,-13.875,2,25,17,10585.5,-1
84,-4.02027,-14.0625,2,25,1,11394.5,-1
84,-2.20588,-13.9375,2,25,2,11512,-1
84,-0.400166,-14.0625,2,25,8,12056,-1
84,20,-42.1453,-2.0625,64,3,12271.5,1
84,19.875,-42.2939,-2.0625,64,18,12983,1
84,-2.74708,-13.875,2,25,9,13882.5,-1
84,-2.18804,-14.125,2,25,10,13993.5,-1
84,-3.15927,-13.9375,2,25,19,14265.5,-1
84,-3.89238,-13.9375,2,25,19,14375,-1
85,20,-42.7926,-2,64,0,449,1
85,-2.31332,-14.0625,2,25,15,1158.5,-1
85,-1.98252,-14.125,2,25,14,1248,-1
85,-2.50029,-14,2,25,12,1289,-1
85,20.0625,-41.3131,-2.0625,64,7,1469,1
85,-2.89581,-13.875,2,25,9,1515.5,-1
85,19.9375,-41.7199,-2.0625,64,5,1791.5,1
85,-3.18998,-14.0625,2,25,8,3385,-1
85,-0.35011,-13.9375,2,25,7,3506.5,-1
85,19.875,-41.4379,-1.9375,64,14,3558,1
85,-3.68739,-13.9375,2,25,19,3753,-1
85,-1.66428,-14,2,25,4,4104,-1
85,-4.16706,-13.9375,2,25,2,4143,-1
85,-4.80732,-14.0625,2,25,5,4391,-1
85,-2.17212,-13.9375,2,25,6,4470,-1
85,19.875,-42.4232,-1.9375,64,14,4961.5,1
85,20,-42.3888,-1.875,64,11,5453.5,1
85,-1.18555,-13.9375,2,25,19,5577,-1
85,-2.33787,-13.9375,2,25,7,6472,-1
85,-3.54149,-13.9375,2,25,16,7987,-1
85,20.125,-42.9242,-2.0625,64,13,8139.5,1
85,-0.770802,-13.875,2,25,13,8558.5,-1
85,-3.63007,-13.9375,2,25,16,10168.5,-1
85,-2.73795,-14.125,2,25,10,10251.5,-1
85,-4.48016,-14.0625,2,25,5,10525,-1
85,-3.03156,-13.875,2,25,13,12176,-1
85,-0.439552,-13.9375,2,25,19,12600,-1
85,20,-41.6878,-1.9375,64,4,13824,1
86,-4.63045,-14.125,2,25,18,238.5,-1
86,20,-42.1535,-1.875,64,11,1965.5,1
86,-0.871236,-13.875,2,25,9,2131,-1
86,-1.45572,-14.125,2,25,10,2289.5,-1
86,-2.94626,-14.125,2,25,10,3605,-1
86,20.125,-41.3588,-2,64,9,3692,1
86,-1.058,-14.125,2,25,10,4849,-1
86,-2.08901,-14.0625,2,25,1,6162.5,-1
86,-3.48257,-14.0625,2,25,15,6548.5,-1
86,-2.43289,-13.9375,2,25,16,6670.5,-1
86,-2.4325,-13.9375,2,25,6,7623,-1
86,-2.83605,-14.0625,2,25,15,7967,-1
86,-4.62121,-14.0625,2,25,1,8771.5,-1
86,-3.76594,-14.125,2,25,10,8927,-1
86,-1.48752,-14.125,2,25,18,11194.5,-1
86,-4.39973,-14.125,2,25,18,11270.5,-1
86,-3.63686,-14,2,25,12,12640.5,-1
86,-2.24714,-14,2,25,12,12682.5,-1
86,-0.730181,-13.9375,2,25,16,13474.5,-1
86,20,-41.6638,-2.0625,64,3,13849.5,1
87,-2.85177,-14,2,25,4,38.5,-1
87,19.9375,-42.7434,-1.9375,64,8,315,1
87,-4.31384,-14,2,25,4,401,-1
87,-3.526,-13.875,2,25,17,866.5,-1
87,-2.274,-13.875,2,25,9,1886,-1
87,-3.33983,-13.875,2,25,13,3136.5,-1
87,-3.17815,-14.125,2,25,14,3733.5,-1
87,-1.8796,-13.9375,2,25,16,4669.5,-1
87,-0.887043,-13.9375,2,25,16,4859.5,-1
87,-1.6611,-14.125,2,25,18,4960,-1
87,-1.74937,-13.9375,2,25,19,5735,-1
87,-2.82276,-13.9375,2,25,19,5776,-1
87,20.125,-42.7104,-2.0625,64,13,7083,1
87,20.0625,-42.4347,-2.0625,64,7,8915,1
87,-1.74138,-14.0625,2,25,5,9446.5,-1
87,-3.72701,-14.125,2,25,14,9670,-1
87,-1.9278,-14,2,25,3,9895.5,-1
87,-1.40397,-14,2,25,4,10013,-1
87,20.0625,-42.249,-1.9375,64,6,11199,1
87,-1.18655,-13.875,2,25,13,11452,-1
87,-1.97827,-13.9375,2,25,19,12104.5,-1
87,-3.3288,-13.875,2,25,17,12376,-1
87,19.9375,-41.6904,-1.875,64,15,13274,1
87,19.875,-42.0139,-2,64,10,13536.5,1
87,-0.428413,-14.0625,2,25,1,14042,-1
87,-3.95147,-14.125,2,25,10,14253,-1
88,-4.91936,-14,2,25,12,110.5,-1
88,-0.659051,-13.9375,2,25,2,497.5,-1
88,-1.92013,-14.0625,2,25,1,633.5,-1
88,-4.20232,-14,2,25,4,1122,-1
88,-3.24307,-14,2,25,4,1364.5,-1
88,-4.216,-14.125,2,25,18,3419,-1
88,-1.75821,-13.9375,2,25,6,3824.5,-1
88,-3.27972,-13.9375,2,25,19,4264.5,-1
88,19.9375,-41.3028,-2.0625,64,5,4539,1
88,-4.45472,-13.9375,2,25,6,4625,-1
88,-4.03322,-14.0625,2,25,15,5359.5,-1
88,-4.49315,-14,2,25,4,7225.5,-1
88,-3.29447,-14.0625,2,25,8,7504,-1
88,-1.18862,-14.125,2,25,10,7742,-1
88,-4.79427,-13.9375,2,25,7,8982,-1
88,-3.66859,-14.125,2,25,18,9653,-1
88,19.9375,-41.9437,-1.9375,64,8,10472,1
88,-4.49179,-14.0625,2,25,1,11738,-1
88,-4.88833,-13.875,2,25,17,12653.5,-1
89,-3.68461,-13.875,2,25,13,1067.5,-1
89,-0.644893,-14.125,2,25,10,1216,-1
89,-0.571183,-13.9375,2,25,2,1475.5,-1
89,-4.91303,-14,2,25,4,1622,-1
89,-1.62105,-14,2,25,4,1979,-1
89,-2.93632,-14,2,25,3,2018,-1
89,-2.45119,-13.9375,2,25,6,2237,-1
89,19.9375,-42.2988,-2.125,64,20,2679,1
89,-4.66813,-14.125,2,25,14,2952.5,-1
89,20.0625,-42.9442,-1.875,64,19,3004,1
89,-3.11538,-13.9375,2,25,16,3555,-1
89,-1.29137,-14.0625,2,25,20,3772,-1
89,-1.27915,-14.125,2,25,18,3813.5,-1
89,-2.23574,-14,2,25,11,4270.5,-1
89,-2.79255,-14.0625,2,25,1,4600.5,-1
89,-4.66219,-13.9375,2,25,19,6142.5,-1
89,-1.43081,-13.875,2,25,13,6407,-1
89,20,-42.1411,-1.875,64,11,6637,1
89,20.0625,-41.8272,-2.0625,64,7,6780,1
89,-0.903931,-14.0625,2,25,8,7022,-1
89,-0.652788,-14,2,25,3,7094.5,-1
89,-0.606792,-14.0625,2,25,5,7133.5,-1
89,19.875,-41.8465,-2,64,10,7654,1
89,-3.5139,-14.0625,2,25,5,8442,-1
89,-0.382851,-14,2,25,3,8512.5,-1
89,-1.20558,-13.9375,2,25,7,9423.5,-1
89,-2.87075,-14,2,25,0,10582,-1
89,-4.25683,-13.9375,2,25,6,11717,-1
89,-3.61634,-14.0625,2,25,5,11915,-1
89,-1.41805,-14.125,2,25,10,12052,-1
89,-2.15959,-13.9375,2,25,7,12167,-1
89,-3.97151,-13.875,2,25,13,13018,-1
89,19.875,-42.3338,-1.9375,64,14,13070,1
89,-4.58572,-14.0625,2,25,15,13591.5,-1
89,-1.25963,-13.875,2,25,17,13864,-1
89,-4.23654,-14.125,2,25,18,14128.5,-1
90,19.875,-41.9957,-1.9375,64,14,349,1
90,-3.39518,-13.9375,2,25,6,516,-1
90,-3.74555,-13.9375,2,25,2,924,-1
90,-0.646354,-13.9375,2,25,16,2701,-1
90,-4.46328,-14.125,2,25,14,3006.5,-1
90,-0.710258,-14,2,25,0,5259,-1
90,-2.2867,-13.9375,2,25,7,5522,-1
90,19.9375,-41.5019,-2,64,1,5922.5,1
90,-1.26871,-14.125,2,25,10,6713.5,-1
90,-4.6331,-14,2,25,3,7254.5,-1
90,-2.73985,-13.9375,2,25,6,7742,-1
90,-2.92691,-13.9375,2,25,7,7878,-1
90,-1.73102,-14.0625,2,25,8,8107,-1
90,-3.90693,-13.9375,2,25,6,9229.5,-1
90,19.875,-42.8493,-2,64,10,9727.5,1
90,-3.54025,-14,2,25,12,10456,-1
90,20.0625,-42.2862,-1.875,64,19,11636,1
90,-2.34816,-13.875,2,25,13,11720.5,-1
90,-2.74978,-14,2,25,11,12792.5,-1
90,-3.46775,-14.125,2,25,18,13524.5,-1
90,19.9375,-41.9372,-1.9375,64,8,13952,1
90,-4.16193,-13.875,2,25,9,14102.5,-1
91,20,-42.5159,-2,64,0,1140.5,1
91,-1.48807,-14.125,2,25,10,1695.5,-1
91,-2.1869,-13.9375,2,25,6,2645,-1
91,20.0625,-41.7057,-1.9375,64,6,2811,1
91,-4.98387,-13.875,2,25,13,3069,-1
91,-2.40469,-13.875,2,25,17,3256.5,-1
91,20.125,-41.9624,-2,64,9,4317,1
91,19.875,-42.8451,-1.9375,64,14,5331.5,1
91,-1.02977,-14.125,2,25,14,5429,-1
91,-4.32459,-14.0625,2,25,8,5678,-1
91,-0.909865,-14.125,2,25,10,5759.5,-1
91,-3.2146,-13.9375,2,25,19,5842,-1
91,-4.05889,-14.125,2,25,14,6165,-1
91,-0.441152,-14,2,25,4,7923.5,-1
91,-0.472172,-14.0625,2,25,8,8291.5,-1
91,-0.493917,-14,2,25,3,8395.5,-1
91,-3.30496,-14,2,25,0,8910.5,-1
91,-2.80881,-14.0625,2,25,1,9949,-1
91,-4.88566,-14.0625,2,25,5,10105.5,-1
91,-2.89157,-13.9375,2,25,7,10144.5,-1
91,-0.446021,-14,2,25,0,10288.5,-1
91,19.875,-42.2069,-1.9375,64,14,10723.5,1
91,-0.474256,-14,2,25,11,11030,-1
91,20.125,-41.7505,-2,64,9,11692,1
91,-3.93077,-14,2,25,12,12753.5,-1
91,-2.72895,-13.9375,2,25,16,12795.5,-1
92,20,-42.2551,-1.875,64,11,168.5,1
92,20.125,-41.7624,-2.0625,64,13,1158.5,1
92,-1.57703,-13.9375,2,25,16,1320,-1
92,-0.789047,-13.875,2,25,9,2481,-1
92,-0.00430068,-14,2,25,0,3337.5,-1
92,-1.9118,-14.0625,2,25,5,3513.5,-1
92,-1.62958,-14,2,25,4,3552.5,-1
92,-3.32538,-13.9375,2,25,6,3658,-1
92,-4.42092,-13.875,2,25,9,3879.5,-1
92,-1.40032,-14.0625,2,25,15,5067.5,-1
92,-4.13928,-14.0625,2,25,15,5146.5,-1
92,-2.7968,-14.125,2,25,10,5484,-1
92,-0.930757,-14.125,2,25,10,5558,-1
92,-1.61065,-14.125,2,25,10,6737.5,-1
92,-0.938386,-14.0625,2,25,1,8162,-1
92,19.9375,-41.5223,-2.0625,64,5,8273,1
92,-2.87448,-14,2,25,3,8357.5,-1
92,-4.59787,-13.9375,2,25,2,8524.5,-1
92,-3.45863,-14.125,2,25,14,9112,-1
92,-2.56547,-13.875,2,25,17,9464.5,-1
92,-0.375173,-14,2,25,11,9541.5,-1
92,-2.96995,-14,2,25,0,10660,-1
92,-0.276408,-14.0625,2,25,1,10730.5,-1
92,-2.30405,-14.0625,2,25,5,10799,-1
92,-4.35723,-14.125,2,25,18,11442.5,-1
92,-4.4159,-14.0625,2,25,8,11803.5,-1
92,-0.459074,-14.0625,2,25,8,12377,-1
92,20.125,-41.3484,-1.9375,64,17,12547,1
92,-1.98924,-14.0625,2,25,20,12596,-1
92,-4.91831,-14,2,25,12,12895.5,-1
92,20,-42.1255,-1.875,64,11,13354.5,1
92,-1.24169,-14.125,2,25,14,13437,-1
92,20,-42.1575,-1.875,64,11,13527,1
93,-3.33401,-13.9375,2,25,6,1028.5,-1
93,-4.52927,-14.0625,2,25,8,1848.5,-1
93,-2.89601,-14.125,2,25,14,2959,-1
93,20,-41.8162,-1.9375,64,4,4827.5,1
93,-2.64847,-14.125,2,25,14,6612.5,-1
93,-4.46295,-14.125,2,25,10,7849,-1
93,-3.34932,-14.125,2,25,14,9324.5,-1
93,-2.03907,-14.0625,2,25,15,11308,-1
93,-1.2413,-13.875,2,25,17,11486.5,-1
93,-1.51378,-14,2,25,12,11753.5,-1
93,-2.64444,-14.0625,2,25,8,11864.5,-1
93,19.875,-41.5654,-2,64,10,11916.5,1
93,-4.12048,-14,2,25,3,12289.5,-1
93,19.875,-42.6125,-1.9375,64,14,13458.5,1
94,-3.55194,-14.0625,2,25,1,1618,-1
94,-1.9569,-14,2,25,3,1997,-1
94,20,-42.4362,-2.0625,64,3,2187,1
94,-0.702329,-14.0625,2,25,5,2301.5,-1
94,-1.46975,-13.875,2,25,13,4280,-1
94,-3.12467,-14.125,2,25,10,4495,-1
94,20.125,-41.6449,-2,64,9,4631,1
94,-1.83477,-14.0625,2,25,8,7291.5,-1
94,-0.76622,-14,2,25,0,7361.5,-1
94,-2.14002,-14.125,2,25,18,7738,-1
94,-3.12626,-13.875,2,25,13,8214.5,-1
94,20,-42.2491,-1.9375,64,4,8444.5,1
94,-4.05442,-13.9375,2,25,2,8637.5,-1
94,-1.19999,-14.0625,2,25,8,8988.5,-1
94,19.9375,-42.5957,-2,64,1,9537.5,1
94,-0.607033,-13.9375,2,25,6,9902,-1
94,-2.59258,-13.9375,2,25,7,10450,-1
94,-4.59743,-13.9375,2,25,16,10876,-1
94,-3.43117,-13.9375,2,25,7,10983,-1
94,-0.645808,-14.125,2,25,14,11247,-1
94,-2.26537,-13.875,2,25,17,11810,-1
94,19.9375,-41.9145,-1.9375,64,8,12071.5,1
94,-0.825512,-14,2,25,12,12268.5,-1
94,-2.99192,-13.9375,2,25,7,12386,-1
94,-3.51206,-14.0625,2,25,5,12425,-1
94,-1.62462,-13.875,2,25,13,12731,-1
94,-3.96118,-14.125,2,25,18,12962.5,-1
94,-1.95498,-14,2,25,11,13405,-1
94,20,-42.8956,-1.875,64,11,13547.5,1
95,-2.92007,-13.9375,2,25,2,579.5,-1
95,-2.86896,-13.875,2,25,9,781,-1
95,-2.99619,-14,2,25,11,1344.5,-1
95,19.9375,-42.1593,-2.0625,64,5,1395,1
95,20.0625,-42.4967,-2,64,2,2053,1
95,-2.00804,-14,2,25,3,2696.5,-1
95,-1.13819,-13.9375,2,25,6,3438,-1
95,-4.9347,-14,2,25,0,3870,-1
95,-3.89962,-14.0625,2,25,1,4262.5,-1
95,20.0625,-42.5061,-1.9375,64,6,4409.5,1
95,-4.52203,-13.9375,2,25,19,5421,-1
95,-2.25153,-13.875,2,25,17,5462.5,-1
95,-3.16709,-14.0625,2,25,8,5955,-1
95,-3.91899,-13.9375,2,25,16,6187,-1
95,-0.692852,-14.125,2,25,18,6264,-1
95,-1.27561,-14.0625,2,25,15,6521.5,-1
95,20.125,-42.3327,-1.9375,64,17,6850.5,1
95,-4.21067,-13.875,2,25,17,7123,-1
95,-3.67125,-14.125,2,25,18,8481.5,-1
95,-3.97715,-13.9375,2,25,19,8693.5,-1
95,-1.72671,-14.125,2,25,18,9098,-1
95,-3.13175,-13.875,2,25,17,9217.5,-1
95,19.9375,-42.7029,-2.125,64,20,9595.5,1
95,-2.93066,-14.125,2,25,10,9790,-1
95,-1.92085,-14,2,25,0,10001.5,-1
95,-1.47599,-14.125,2,25,10,11699.5,-1
95,19.875,-42.4322,-2.0625,64,18,11903,1
95,-4.31606,-13.875,2,25,17,13180,-1
96,-0.225486,-14,2,25,0,181,-1
96,-4.27193,-14,2,25,11,356,-1
96,-1.41854,-14,2,25,12,1135.5,-1
96,-0.723986,-13.875,2,25,13,1325,-1
96,-2.42019,-13.9375,2,25,16,1366,-1
96,-4.88925,-13.875,2,25,17,1449,-1
96,-3.07308,-14.0625,2,25,8,1790,-1
96,-0.432695,-14.0625,2,25,5,2245.5,-1
96,-4.45797,-13.9375,2,25,6,2284,-1
96,20.0625,-42.3832,-2.0625,64,7,2740.5,1
96,-4.19031,-13.875,2,25,9,2788,-1
96,-1.24103,-13.9375,2,25,7,2859,-1
96,-3.78923,-14.0625,2,25,8,3122,-1
96,-0.708322,-13.9375,2,25,7,3297.5,-1
96,-1.49581,-13.9375,2,25,7,3942,-1
96,-4.65726,-14.0625,2,25,1,4012,-1
96,-0.731308,-14.0625,2,25,5,4803.5,-1
96,20.0625,-42.5721,-2.125,64,16,5143,1
96,20,-42.0297,-1.9375,64,4,7152.5,1
96,-3.12528,-14,2,25,4,7239,-1
96,-3.17055,-13.9375,2,25,16,8255.5,-1
96,-2.91874,-13.9375,2,25,16,8923.5,-1
96,-2.63313,-14.125,2,25,18,9444.5,-1
96,20,-42.8525,-1.9375,64,4,9780,1
96,-1.6222,-13.9375,2,25,2,10091,-1
96,-1.78865,-14,2,25,4,11093,-1
96,-3.60061,-13.9375,2,25,7,11953,-1
96,-3.16688,-14.0625,2,25,5,12417.5,-1
96,-1.90754,-14.0625,2,25,8,12544.5,-1
96,20.125,-41.5931,-2.0625,64,13,13072.5,1
96,-2.93752,-13.9375,2,25,19,13358,-1
96,19.875,-41.5818,-1.9375,64,14,13554,1
96,-4.35239,-14.0625,2,25,1,13858,-1
96,-4.85376,-13.9375,2,25,2,13930,-1
97,-1.20297,-14.125,2,25,14,125.5,-1
97,-4.79888,-14,2,25,12,1167,-1
97,-4.82642,-14.125,2,25,14,1277,-1
97,-3.48458,-13.875,2,25,13,1398.5,-1
97,-2.38623,-14.0625,2,25,5,2816.5,-1
97,-1.25625,-14,2,25,3,3460.5,-1
97,-1.22192,-14.0625,2,25,15,3830,-1
97,-0.574617,-13.9375,2,25,7,4339.5,-1
97,20,-42.3689,-2.0625,64,3,5949,1
97,-4.1007,-14.0625,2,25,1,5995.5,-1
97,-1.34759,-14.0625,2,25,15,6551,-1
97,20.125,-42.9546,-2.0625,64,13,6719,1
97,-0.586969,-13.9375,2,25,2,7027,-1
97,20.125,-41.4244,-1.9375,64,17,7500.5,1
97,-3.09423,-14.0625,2,25,15,8059.5,-1
97,-1.63534,-13.875,2,25,9,8755.5,-1
97,-2.32075,-13.875,2,25,9,9485.5,-1
97,-2.60725,-14.0625,2,25,1,10028.5,-1
97,-3.07106,-13.9375,2,25,7,10851.5,-1
97,20.125,-41.9642,-2.0625,64,13,11501.5,1
97,20.0625,-42.3517,-1.875,64,19,12269.5,1
97,-2.76724,-13.9375,2,25,16,13456,-1
97,20.0625,-42.8098,-1.9375,64,6,13695,1
98,-1.07804,-14.0625,2,25,8,445,-1
98,20.125,-42.5698,-2,64,9,887.5,1
98,20.0625,-42.6296,-2.125,64,16,2542.5,1
98,20.125,-42.5937,-1.9375,64,17,2602,1
98,-1.39982,-13.875,2,25,13,2874,-1
98,20.125,-41.5058,-2,64,9,5102.5,1
98,-2.77349,-14,2,25,3,6440,-1
98,-4.64361,-14.125,2,25,14,6854,-1
98,19.9375,-42.2165,-1.9375,64,8,7913.5,1
98,-2.79284,-14.0625,2,25,15,8080,-1
98,19.9375,-42.6974,-1.875,64,15,9016,1
98,-1.03994,-13.875,2,25,13,9125,-1
98,-4.73312,-14.0625,2,25,15,9243.5,-1
98,-4.63988,-14,2,25,3,11367.5,-1
98,-2.17325,-13.9375,2,25,16,11864,-1
98,-1.50177,-13.875,2,25,13,11947,-1
98,-4.26698,-14.125,2,25,10,12151,-1
98,-4.41921,-14.125,2,25,18,13217.5,-1
99,-1.00088,-13.9375,2,25,6,585.5,-1
99,-1.13557,-14,2,25,4,1247,-1
99,-0.501859,-14,2,25,11,2051,-1
99,-3.111,-14.0625,2,25,20,2448.5,-1
99,-3.11133,-13.875,2,25,17,2900.5,-1
99,-3.29744,-13.875,2,25,9,3451.5,-1
99,-4.12232,-14.0625,2,25,1,4178.5,-1
99,-4.48811,-14.125,2,25,10,4331.5,-1
99,-2.63837,-14,2,25,3,5415,-1
99,19.9375,-42.7262,-2,64,1,5493.5,1
99,-4.15545,-14.0625,2,25,8,6297.5,-1
99,-3.79863,-14,2,25,11,6859,-1
99,-4.42059,-14.125,2,25,18,6978,-1
99,-4.75773,-14,2,25,0,7515,-1
99,-2.60952,-13.9375,2,25,6,8272.5,-1
99,-4.06701,-14.125,2,25,14,8511.5,-1
99,19.9375,-42.0855,-1.875,64,15,8880.5,1
99,-3.34692,-14.0625,2,25,5,9312.5,-1
99,19.875,-42.7299,-1.9375,64,14,10296,1
99,-1.81567,-13.9375,2,25,16,10798,-1
99,-1.90538,-13.9375,2,25,16,10910.5,-1
99,20,-42.5413,-2.125,64,12,11508,1
99,-1.87807,-13.9375,2,25,2,11975,-1
99,19.9375,-42.5235,-2,64,1,12191.5,1
99,-4.43471,-14.0625,2,25,1,12270.5,-1
99,20.0625,-41.8709,-1.9375,64,6,12390,1
99,20.0625,-42.3847,-2,64,2,12523,1
99,-3.64537,-14.0625,2,25,1,12569.5,-1
99,-2.02359,-13.875,2,25,13,13335.5,-1
99,-1.3282,-13.9375,2,25,19,13516.5,-1
99,-2.72767,-13.875,2,25,9,13965.5,-1
99,-3.84456,-14,2,25,4,14142,-1
100,-3.3184,-13.9375,2,25,7,452.5,-1
100,-2.38363,-14.125,2,25,14,949.5,-1
100,-1.61593,-14.0625,2,25,20,1064.5,-1
100,-1.77947,-13.9375,2,25,2,3146,-1
100,-3.60011,-14.0625,2,25,5,3826,-1
100,19.9375,-41.5342,-1.9375,64,8,5925,1
100,-1.74124,-13.9375,2,25,7,6514,-1
100,-1.96462,-14.0625,2,25,5,7802,-1
100,-1.301,-14.125,2,25,18,8320,-1
100,-4.35695,-14,2,25,0,9960,-1
100,-3.98852,-14.125,2,25,14,10940,-1
100,-2.26561,-14.0625,2,25,15,11321,-1
100,-4.35391,-14.125,2,25,18,11622.5,-1
100,-0.824081,-14,2,25,11,11778.5,-1
100,-0.424207,-14.0625,2,25,8,12475,-1
100,-3.29747,-14,2,25,3,12680.5,-1
